tank,replicate,snail,NeverMovedYN,MoveTime,TotalArea,GreenArea..in.2.,Notes,snail.density,aggregation.index
1,1,RR,1,0:45:00,4.141,3.306,,2,0
2,1,RR,0,0:10:28,4.042,3.59,,4,0
2,1,RR,1,0:45:00,4.2,3.713,,4,0
2,1,YY,1,0:45:00,4.316,2.549,,4,0
2,1,PP,1,0:45:00,4.316,2.549,,4,0
2,1,GG,1,0:45:00,4.29,3.35,,4,0
3,1,RR,0,0:17:13,3.914,0.248,,6,0
3,1,RR,0,0:30:21,NA,0,Not at algae tile,6,0
3,1,RR,1,0:45:00,4.236,3.589,,6,0
3,1,YY,0,0:05:02,NA,0,Not at algae tile,6,0
3,1,YY,0,0:34:22,4.426,3.664,,6,0
3,1,YY,1,0:45:00,NA,0,Not at algae tile,6,0
3,1,GG,1,0:45:00,4.056,3.428,,6,0
3,1,BB,0,0:11:37,4.533,4.054,,6,0
3,1,BB,0,0:12:59,NA,0,Not at algae tile,6,0
3,1,BB,1,0:45:00,4.651,3.692,,6,0
3,1,RY,1,0:45:00,4.804,3.46,,6,0
5,1,RR,0,0:23:24,3.998,3.428,,10,0
5,1,RR,0,0:25:32,NA,0,Not at algae tile,10,0
5,1,RR,1,0:45:00,4.128,2.831,Same as GG 45:00 and RB 45:00,10,0
5,1,GG,1,0:45:00,4.128,2.831,Same as RR 45:00,10,0
5,1,RB,1,0:45:00,4.128,2.831,Same as RR 45:00,10,0
5,1,YY,1,0:45:00,4.323,3.19,Same as PP 45:00,10,0
5,1,PP,0,0:05:23,4.231,3.378,,10,0
5,1,PP,0,0:09:54,4.24,3.69,,10,0
5,1,PP,0,0:10:58,NA,0,Not at algae tile,10,0
5,1,PP,0,0:17:01,4.372,3.684,,10,0
5,1,PP,1,0:45:00,4.323,3.19,Same as YY 45:00,10,0
5,1,BB,1,0:45:00,4.242,2.882,,10,0
5,1,RY,0,0:05:56,NA,0,Not at algae tile,10,0
5,1,RY,0,0:19:58,3.944,3.379,,10,0
5,1,RY,0,0:37:48,NA,0,Not at algae tile,10,0
5,1,RY,1,0:45:00,4.093,3.595,Same as RP 45:00,10,0
5,1,RG,0,0:34:32,NA,0,Not at algae tile,10,0
5,1,RG,1,0:45:00,4.283,3.567,,10,0
5,1,RP,0,0:04:59,NA,0,Not at algae tile,10,0
5,1,RP,1,0:45:00,4.093,3.595,Same as RY 45:00,10,0
5,1,YG,0,0:01:37,NA,0,Not at algae tile,10,0
5,1,YG,0,0:11:56,NA,0,Not at algae tile,10,0
5,1,YG,0,0:13:59,NA,0,Not at algae tile,10,0
5,1,YG,0,0:26:26,4.042,3.288,,10,0
5,1,YG,1,0:45:00,4.093,3.455,,10,0
6,1,RR,1,0:45:00,4.096,2.606,,12,0
6,1,YY,0,0:31:10,4.433,3.125,,12,0
6,1,YY,0,0:32:46,NA,0,Not at algae tile,12,0
6,1,YY,0,0:43:34,4.321,3.319,,12,0
6,1,YY,0,0:44:39,NA,0,Not at algae tile,12,0
6,1,YY,1,0:45:00,4.31,3.296,Same as BB,12,0
6,1,GG,0,0:02:55,NA,0,Not at algae tile,12,0
6,1,GG,1,0:45:00,4.531,3.672,,12,0
6,1,BB,0,0:03:48,NA,0,Not at algae tile,12,0
6,1,BB,1,0:45:00,4.31,3.296,Same as YY,12,0
6,1,RY,0,0:27:35,4.585,3.324,,12,0
6,1,RY,0,0:28:13,NA,0,Not at algae tile,12,0
6,1,RY,0,0:32:27,4.331,3.781,,12,0
6,1,RY,0,0:33:31,NA,0,Not at algae tile,12,0
6,1,RY,1,0:45:00,4.64,3.11,,12,0
6,1,RG,0,0:39:13,4.328,3.617,,12,0
6,1,RG,0,0:39:43,NA,0,Not at algae tile,12,0
6,1,RG,1,0:45:00,4.322,3.49,,12,0
6,1,RP,0,0:04:12,NA,0,Not at algae tile,12,0
6,1,RP,0,0:06:26,NA,0,Not at algae tile,12,0
6,1,RP,0,0:26:44,4.412,3.434,,12,0
6,1,RP,1,0:45:00,4.365,3.595,,12,0
6,1,RB,1,0:45:00,NA,0,Not at algae tile,12,0
6,1,YG,0,0:00:23,4.211,3.867,,12,0
6,1,YG,0,0:02:43,NA,0,Not at algae tile,12,0
6,1,YG,0,0:08:16,NA,0,Not at algae tile,12,0
6,1,YG,0,0:10:54,NA,0,Not at algae tile,12,0
6,1,YG,0,0:44:19,4.413,2.759,,12,0
6,1,YG,1,0:45:00,4.18,3.764,,12,0
6,1,YB,0,0:04:06,NA,0,Not at algae tile,12,0
6,1,YB,0,0:36:53,4.28,3.447,,12,0
6,1,YB,0,0:39:07,NA,0,Not at algae tile,12,0
6,1,YB,1,0:45:00,4.14,2.88,,12,0
7,1,RR,0,0:04:56,4.179,3.306,,14,0
7,1,RR,0,0:05:37,NA,0,Not at algae tile,14,0
7,1,RR,0,0:27:43,4.14,2.847,,14,0
7,1,RR,0,0:29:25,NA,0,Not at algae tile,14,0
7,1,RR,1,0:45:00,4.069,2.842,,14,0
7,1,YY,0,0:32:50,4.105,3.577,,14,0
7,1,YY,0,0:33:49,4.034,2.744,,14,0
7,1,YY,0,0:34:44,NA,0,Not at algae tile,14,0
7,1,YY,1,0:45:00,4.139,2.961,,14,0
7,1,GG,0,0:08:07,4.872,3.429,,14,0
7,1,GG,0,0:14:00,NA,0,Not at algae tile,14,0
7,1,GG,0,0:17:00,NA,0,on wall at -- zach added,14,0
7,1,GG,0,0:22:19,NA,0,Not at algae tile,14,0
7,1,GG,0,0:42:02,4.251,2.65,,14,0
7,1,GG,0,0:42:49,NA,0,Not at algae tile,14,0
7,1,GG,1,0:45:00,4.284,3.088,,14,0
7,1,PP,1,0:45:00,3.999,2.362,,14,0
7,1,BB,1,0:45:00,4.035,2.943,,14,0
7,1,RY,1,0:45:00,4.209,2.158,,14,0
7,1,RG,0,0:10:19,NA,0,Not at algae tile,14,0
7,1,RG,1,0:45:00,3.999,2.362,Same as PP,14,0
7,1,RP,1,0:45:00,4.21,2.527,,14,0
7,1,RB,0,0:42:51,NA,0,Not at algae tile,14,0
7,1,YG,0,0:05:02,4.105,3.36,,14,0
7,1,YG,0,0:07:30,NA,0,Not at algae tile,14,0
7,1,YG,1,0:45:00,4.069,2.842,Same as RR,14,0
7,1,YP,0,0:02:23,NA,0,Not at algae tile,14,0
7,1,YP,0,0:08:55,NA,0,Not at algae tille,14,0
7,1,YP,1,0:45:00,4.213,3.123,,14,0
7,1,YB,1,0:45:00,4.209,2.158,Same as RY,14,0
7,1,GP,0,0:14:31,NA,0,Not at algae tile,14,0
7,1,GP,1,0:45:00,4.252,2.771,,14,0
7,1,CC,0,0:08:56,3.965,3.263,,14,0
7,1,CC,0,0:27:48,NA,0,Not at algae tile,14,0
7,1,CC,0,0:34:39,4.067,3.408,,14,0
7,1,CC,0,0:38:07,NA,0,Not at algae tile,14,0
7,1,CC,1,0:45:00,4.106,3.17,,14,0
8,1,RR,0,0:43:53,NA,0,Not at algae tile,16,0
8,1,RR,1,0:45:00,NA,0,Not at algae tile,16,0
8,1,YY,0,0:42:45,4.247,3.212,,16,0
8,1,YY,0,0:44:54,4.313,2.468,,16,0
8,1,YY,1,0:45:00,NA,0,Not at algae tile,16,0
8,1,GG,0,0:00:54,NA,0,Not at algae tile,16,0
8,1,GG,1,0:45:00,4.034,3.005,,16,0
8,1,PP,1,0:45:00,4.217,3,,16,0
8,1,BB,1,0:45:00,4.318,3.412,,16,0
8,1,RY,1,0:45:00,3.995,3.161,,16,0
8,1,RG,0,0:00:17,NA,0,Not at algae tile,16,0
8,1,RG,0,0:10:13,NA,0,Not at algae tile,16,0
8,1,RG,0,0:34:56,NA,0,Not at algae tile,16,0
8,1,RG,0,0:40:44,NA,0,Not at algae tile,16,0
8,1,RG,1,0:45:00,4.479,2.56,maybe same as another tile?,16,0
8,1,RP,0,0:00:35,NA,0,Not at algae tile,16,0
8,1,RP,1,0:45:00,4.6,3.67,,16,0
8,1,RB,1,0:45:00,4.034,3.917,,16,0
8,1,YG,1,0:45:00,3.966,2.681,,16,0
8,1,YP,0,0:13:46,NA,0,Not at algae tile,16,0
8,1,YP,0,0:14:50,4.167,4.025,,16,0
8,1,YP,1,0:45:00,4.172,3.447,,16,0
8,1,YB,0,0:15:53,NA,0,Not at algae tile,16,0
8,1,YB,1,0:45:00,4.479,2.56,Same as RG,16,0
8,1,GP,0,0:01:05,NA,0,Not at algae tile,16,0
8,1,GP,1,0:45:00,3.965,2.702,,16,0
8,1,GB,1,0:45:00,4.17,3.347,,16,0
8,1,PB,0,0:07:57,NA,0,Not at algae tile,16,0
8,1,PB,1,0:45:00,3.965,2.702,Same as GP,16,0
8,1,CC,0,0:04:33,NA,0,Not at algae tile,16,0
8,1,CC,1,0:45:00,4.479,2.56,Same as RG,16,0
9,1,RR,1,0:45:00,3.989,3.292,,2,1
9,1,YY,0,0:18:17,NA,0,Not at algae tile,2,1
9,1,YY,0,0:40:27,NA,0,Not at algae tile,2,1
9,1,YY,0,0:43:55,NA,0,Not at algae tile,2,1
10,1,GG,0,0:17:55,4.056,3.315,,4,1
10,1,GG,1,0:45:00,3.853,3.396,,4,1
10,1,PP,0,0:26:18,NA,0,not an algae tile,4,1
10,1,PP,1,0:45:00,3.988,3.332,glare in picture from camera -- not sure if this will influence green area- it was fine!!,4,1
10,1,YY,0,0:29:55,4,3.172,,4,1
10,1,YY,0,0:36:38,3.898,3.827,,4,1
10,1,YY,0,0:38:39,NA,0,not an algae tile,4,1
10,1,YY,1,0:45:00,4.089,3.786,,4,1
10,1,RR,0,0:00:42,NA,0,Floating,4,1
10,1,RR,0,0:02:11,NA,0,Floating,4,1
10,1,RR,0,0:05:40,NA,0,Floating,4,1
10,1,RR,0,0:06:09,NA,0,Floating,4,1
10,1,RR,0,0:08:38,NA,0,Floating,4,1
10,1,RR,0,0:09:47,NA,0,Floating,4,1
10,1,RR,0,0:17:32,NA,0,on wall,4,1
10,1,RR,0,0:18:31,NA,0,on wall,4,1
10,1,RR,0,0:19:46,NA,0,on wall,4,1
10,1,RR,0,0:21:02,NA,0,on wall,4,1
10,1,RR,0,0:22:24,NA,0,on wall,4,1
10,1,RR,0,0:31:07,NA,0,on wall,4,1
10,1,RR,0,0:33:26,NA,0,on wall,4,1
10,1,RR,1,0:45:00,NA,0,on wall,4,1
11,1,YY,1,0:45:00,4.23,3.7,,6,1
11,1,GG,1,0:45:00,3.963,3.545,,6,1
11,1,BB,1,0:45:00,4,3.881,,6,1
11,1,PP,0,0:11:47,NA,0,Not at algae tile,6,1
11,1,PP,1,0:45:00,4.069,3.824,,6,1
11,1,RY,1,0:45:00,4,3.252,,6,1
12,1,YY,0,0:06:06,NA,0,Not at algae tile,8,1
12,1,YY,0,0:06:48,NA,0,Not at algae tile,8,1
12,1,YY,0,0:07:05,NA,0,Not at algae tile,8,1
12,1,YY,0,0:07:25,NA,0,Not at algae tile,8,1
12,1,YY,1,0:45:00,4.266,3.768,,8,1
12,1,GG,0,0:31:19,4.149,3.543,,8,1
12,1,GG,1,0:45:00,3.999,2.888,,8,1
12,1,BB,1,0:45:00,4.035,2.928,,8,1
12,1,PP,1,0:45:00,3.964,3.184,,8,1
12,1,RY,0,0:24:58,3.93,3.078,,8,1
12,1,RY,0,0:26:08,NA,0,Not at algae tile,8,1
12,1,RY,0,0:36:30,3.999,3.449,,8,1
12,1,RY,0,0:36:54,NA,0,Not at algae tile,8,1
12,1,RY,0,0:37:55,NA,0,Not at algae tile,8,1
12,1,RY,0,0:42:59,NA,0,Not at algae tile,8,1
12,1,RY,0,0:43:28,NA,0,Not at algae tile,8,1
12,1,RY,1,0:45:00,3.964,3.329,,8,1
12,1,RP,1,0:45:00,3.999,2.888,Same as GG,8,1
13,1,RR,0,0:11:41,NA,0,Not at algae tile,10,1
13,1,RR,1,0:45:00,4.073,3.241,,10,1
13,1,YY,1,0:45:00,NA,0,Not at algae tile,10,1
13,1,GG,0,0:04:36,NA,0,Not at algae tile,10,1
13,1,GG,0,0:19:27,4.191,3.405,,10,1
13,1,GG,0,0:23:19,3.96,3.018,,10,1
13,1,GG,0,0:25:08,4.15,3.736,,10,1
13,1,GG,0,0:28:01,3.923,3.008,,10,1
13,1,GG,0,0:29:38,3.885,3.532,,10,1
13,1,GG,1,0:45:00,3.884,3.383,,10,1
13,1,BB,0,0:41:35,4.071,3.036,,10,1
13,1,BB,0,0:42:35,NA,0,Not at algae tile,10,1
13,1,BB,1,0:45:00,3.962,3.0987,,10,1
13,1,PP,1,0:45:00,4.155,3.8,,10,1
13,1,RY,1,0:45:00,3.999,3.53,,10,1
13,1,RG,1,0:45:00,3.779,3.22,,10,1
13,1,RP,0,0:06:15,NA,0,Not at algae tile,10,1
13,1,RP,1,0:45:00,4.183,3.28,,10,1
13,1,YG,1,0:45:00,3.963,3.017,,10,1
14,1,RR,0,0:21:28,4.139,2.857,,12,1
14,1,RR,1,0:45:00,4.453,3.9,,12,1
14,1,YY,0,0:38:10,4.06,3.262,,12,1
14,1,YY,1,0:45:00,NA,0,Not at algae tile,12,1
14,1,GG,0,0:19:04,4.207,3.265,,12,1
14,1,GG,1,0:45:00,4.29,3.494,,12,1
14,1,BB,0,0:03:44,NA,0,Not at algae tile,12,1
14,1,BB,1,0:45:00,4.316,3.419,,12,1
14,1,PP,1,0:45:00,4.086,2.184,,12,1
14,1,RY,0,0:25:30,NA,0,Not at algae tile,12,1
14,1,RY,0,0:29:01,NA,0,Not at algae tile,12,1
14,1,RY,1,0:45:00,4.086,2.184,Same as PP,12,1
14,1,RG,1,0:45:00,4.173,2.923,,12,1
14,1,YG,0,0:08:58,NA,0,Not at algae tile,12,1
14,1,YG,0,0:17:07,4.235,3.476,,12,1
14,1,YG,0,0:25:56,NA,0,Not at algae tile,12,1
14,1,YG,0,0:31:42,NA,0,Not at algae tile,12,1
14,1,YG,0,0:36:02,NA,0,Not at algae tile,12,1
14,1,YG,0,0:42:20,4.097,2,,12,1
14,1,YG,0,0:44:11,NA,0,Not at algae tile,12,1
14,1,YG,1,0:45:00,4.119,1.928,,12,1
14,1,GB,0,0:03:49,NA,0,Not at algae tile,12,1
14,1,GB,1,0:45:00,4.211,3.011,,12,1
14,1,GP,0,0:10:12,4.359,3.002,,12,1
14,1,GP,1,0:45:00,4.068,3.588,,12,1
15,1,RR,1,0:45:00,4.034,3.5,,14,1
15,1,YY,0,0:25:17,NA,0,Not at algae tile,14,1
15,1,YY,0,0:43:13,NA,0,Not at algae tile,14,1
15,1,YY,1,0:45:00,4.066,2.585,,14,1
15,1,GG,0,0:27:20,4,3.551,,14,1
15,1,GG,0,0:28:05,NA,0,Not at algae tile,14,1
15,1,GG,0,0:30:19,NA,0,Not at algae tile,14,1
15,1,GG,0,0:32:47,NA,0,Not at algae tile,14,1
15,1,GG,1,0:45:00,3.93,3.747,,14,1
15,1,BB,0,0:16:31,4.359,3.145,,14,1
15,1,BB,0,0:18:17,4.064,3.158,,14,1
15,1,BB,0,0:42:55,3.973,2.924,,14,1
15,1,BB,0,0:44:06,4.063,3.087,,14,1
15,1,BB,1,0:45:00,4.102,3.335,,14,1
15,1,PP,0,0:13:16,4.123,2.879,,14,1
15,1,PP,0,0:15:14,NA,0,Not at algae tile,14,1
15,1,PP,1,0:45:00,4.144,2.472,,14,1
15,1,RY,0,0:01:46,NA,0,Not at algae tile,14,1
15,1,RY,1,0:45:00,4.144,2.472,Same as PP,14,1
15,1,RG,1,0:45:00,4.217,2.624,,14,1
15,1,RB,0,0:30:03,4.132,2.836,,14,1
15,1,RB,1,0:45:00,4.025,2.784,,14,1
15,1,RP,0,0:02:56,NA,0,Not at algae tile,14,1
15,1,RP,0,0:10:10,4.107,3.399,,14,1
15,1,RP,0,0:15:14,NA,0,Not at algae tile,14,1
15,1,RP,0,0:24:52,4.092,3.021,,14,1
15,1,RP,0,0:33:11,4.07,3.013,,14,1
15,1,RP,0,0:34:38,NA,0,Not at algae tile,14,1
15,1,RP,0,0:35:29,4.108,3.563,,14,1
15,1,RP,0,0:37:17,NA,0,Not at algae tile,14,1
15,1,RP,1,0:45:00,3.886,3.397,,14,1
15,1,YG,1,0:45:00,3.931,2.823,,14,1
15,1,YB,1,0:45:00,4.103,3.986,,14,1
15,1,YP,1,0:45:00,4.07,3.531,,14,1
15,1,GB,0,0:00:40,NA,0,Not at algae tile,14,1
15,1,GB,0,0:04:58,4.101,3.485,,14,1
15,1,GB,0,0:11:36,NA,0,Not at algae tile,14,1
15,1,GB,1,0:45:00,4.215,3.809,,14,1
15,1,GP,0,0:01:43,4.07,3.557,,14,1
15,1,GP,1,0:45:00,4.139,3.121,,14,1
16,1,RR,1,0:45:00,3.999,3.155,,16,1
16,1,YY,1,0:45:00,4.103,3.215,,16,1
16,1,GG,1,0:45:00,4.033,2.569,,16,1
16,1,BB,1,0:45:00,4.267,4.023,,16,1
16,1,PP,0,0:41:24,4.124,3.387,,16,1
16,1,PP,1,0:45:00,4.545,3.825,,16,1
16,1,RY,0,0:01:26,NA,0,Not at algae tile,16,1
16,1,RY,1,0:45:00,4.467,2.737,,16,1
16,1,RG,0,0:01:02,NA,0,Not at algae tile,16,1
16,1,RG,0,0:02:53,NA,0,Not at algae tile,16,1
16,1,RG,0,0:03:01,NA,0,Not at algae tile,16,1
16,1,RG,0,0:03:27,NA,0,Not at algae tile,16,1
16,1,RG,0,0:43:44,4.525,2.391,,16,1
16,1,RG,0,0:44:26,NA,0,Not at algae tile,16,1
16,1,RG,1,0:45:00,4.25,2.535,,16,1
16,1,RB,0,0:09:43,4.364,3.782,,16,1
16,1,RB,0,0:13:13,4.034,3.859,,16,1
16,1,RB,1,0:45:00,3.932,3.048,,16,1
16,1,YG,1,0:45:00,4.141,2.565,,16,1
16,1,YB,0,0:42:23,NA,0,Not at algae tile,16,1
16,1,YB,1,0:45:00,NA,0,Not at algae tile,16,1
16,1,YP,0,0:22:06,4.484,3.8,,16,1
16,1,YP,0,0:42:50,4.463,4.007,,16,1
16,1,YP,0,0:43:47,NA,0,Not at algae tile,16,1
16,1,YP,1,0:45:00,4.174,3.651,,16,1
16,1,GB,0,0:02:06,NA,0,Not at algae tile,16,1
16,1,GB,1,0:45:00,3.997,3.303,,16,1
16,1,GP,0,0:04:45,NA,0,Not at algae tile,16,1
16,1,GP,0,0:05:34,NA,0,Not at algae tile,16,1
16,1,GP,0,0:07:08,NA,0,Not at algae tile,16,1
16,1,GP,0,0:27:08,4.389,3.031,,16,1
16,1,GP,1,0:45:00,4.247,3.274,,16,1
16,1,BP,0,0:03:37,NA,0,Not at algae tile,16,1
16,1,BP,0,0:07:29,NA,0,Not at algae tile,16,1
16,1,BP,0,0:10:55,NA,0,Not at algae tile,16,1
16,1,BP,1,0:45:00,4.319,3.343,,16,1
16,1,CC,1,0:45:00,4.524,3.511,,16,1
17,1,RR,0,0:00:58,NA,0,Not at algae tile,2,2
17,1,RR,0,0:01:08,NA,0,Not at algae tile,2,2
17,1,RR,0,0:02:23,NA,0,Not at algae tile,2,2
17,1,RR,0,0:41:47,4.323,3.3,,2,2
17,1,RR,1,0:45:00,4.144,3.764,,2,2
17,1,YY,0,0:29:47,4.081,3.644,,2,2
17,1,YY,1,0:45:00,4.154,3.628,,2,2
18,1,RR,0,0:10:30,4.004,3.157,,4,2
18,1,RR,0,0:11:10,NA,0,Not at algae tile,4,2
18,1,RR,1,0:45:00,4.349,3.07,,4,2
18,1,YY,0,0:01:19,NA,0,Not at algae tile,4,2
18,1,YY,0,0:06:41,NA,0,Not at algae tile,4,2
18,1,YY,1,0:45:00,3.984,3.157,,4,2
18,1,GG,1,0:45:00,3.983,3.585,,4,2
18,1,PP,1,0:45:00,4.073,3.894,,4,2
19,1,RR,1,0:45:00,4.348,3.288,,6,2
19,1,YY,0,0:23:03,4.035,3.244,,6,2
19,1,YY,0,0:24:19,4.238,4.07,,6,2
19,1,YY,0,0:25:27,NA,0,Not at algae tile,6,2
19,1,YY,0,0:31:30,4.072,3.601,,6,2
19,1,YY,0,0:31:51,NA,0,Not at algae tile,6,2
19,1,YY,0,0:32:17,NA,0,Not at algae tile,6,2
19,1,YY,1,0:45:00,4.586,3.869,,6,2
19,1,GG,0,0:01:50,NA,0,Not at algae tile,6,2
19,1,GG,0,0:20:34,NA,0,Not at algae tile,6,2
19,1,GG,0,0:22:54,NA,0,Not at algae tile,6,2
19,1,GG,1,0:45:00,4.221,3.701,,6,2
19,1,BB,1,0:45:00,4.348,3.288,Same as RR,6,2
19,1,PP,0,0:17:34,4.035,3.023,,6,2
19,1,PP,0,0:17:50,3.964,3.68,,6,2
19,1,PP,0,0:17:55,4.263,3.401,,6,2
19,1,PP,0,0:18:10,4.036,3.839,,6,2
19,1,PP,1,0:45:00,4.184,3.495,,6,2
20,1,RR,1,0:45:00,4.041,3.524,,8,2
20,1,YY,0,0:04:28,NA,0,Not at algae tile,8,2
20,1,YY,1,0:45:00,4.088,2.83,,8,2
20,1,GG,0,0:04:37,4.361,3.987,,8,2
20,1,GG,0,0:37:05,4.424,3.964,,8,2
20,1,GG,1,0:45:00,4.29,3.808,,8,2
20,1,BB,1,0:45:00,4.164,3.749,,8,2
20,1,PP,1,0:45:00,4.034,3.891,,8,2
20,1,RY,0,0:02:19,NA,0,Not at algae tile,8,2
20,1,RY,0,0:02:57,NA,0,Not at algae tile,8,2
20,1,RY,0,0:03:05,NA,0,Not at algae tile,8,2
20,1,RY,0,0:03:27,NA,0,Not at algae tile,8,2
20,1,RY,0,0:03:43,NA,0,Not at algae tile,8,2
20,1,RY,1,0:45:00,4.041,3.524,Same as RR,8,2
20,1,RG,1,0:45:00,4.088,2.83,Same as YY,8,2
20,1,RP,0,0:01:31,NA,0,Not at algae tile,8,2
20,1,RP,0,0:07:36,NA,0,Not at algae tile,8,2
20,1,RP,1,0:45:00,4.088,2.83,Same as YY,8,2
21,1,RR,0,0:02:14,NA,0,Not at algae tile,10,2
21,1,RR,0,0:10:37,NA ,0,Not at algae tile,10,2
21,1,RR,0,0:11:08,NA,0,Not at algae tile,10,2
21,1,RR,0,0:18:07,NA,0,Not at algae tile,10,2
21,1,RR,0,0:22:30,NA,0,Not at algae tile,10,2
21,1,RR,0,0:36:27,4.035,3.04,,10,2
21,1,RR,0,0:39:20,NA,0,Not at algae tile,10,2
21,1,RR,0,0:42:09,3.897,3.59,,10,2
21,1,RR,0,0:44:35,NA,0,Not at algae tile,10,2
21,1,RR,1,0:45:00,4.143,3.005,,10,2
21,1,YY,0,0:15:00,4.034,3.616,,10,2
21,1,YY,0,0:20:39,NA,0,Not at algae tile,10,2
21,1,YY,1,0:45:00,3.999,3.448,,10,2
21,1,GG,0,0:09:09,NA,0,Not at algae tile,10,2
21,1,GG,0,0:26:00,4.107,3.381,,10,2
21,1,GG,0,0:33:36,NA,0,Not at algae tile,10,2
21,1,GG,0,0:35:29,4.253,3.649,,10,2
21,1,GG,0,0:35:51,NA,0,Not at algae tile,10,2
21,1,GG,1,0:45:00,4.143,3.713,,10,2
21,1,BB,0,0:03:12,NA,0,Not at algae tile,10,2
21,1,BB,0,0:16:13,4.065,3.623,,10,2
21,1,BB,0,0:21:55,NA,0,Not at algae tile,10,2
21,1,BB,0,0:22:26,4.33,4.185,,10,2
21,1,BB,0,0:23:07,NA,0,Not at algae tile,10,2
21,1,BB,0,0:23:27,4.081,3.618,,10,2
21,1,BB,0,0:24:57,NA,0,Not at algae tile,10,2
21,1,BB,0,0:25:26,4.104,3.919,,10,2
21,1,BB,0,0:27:13,NA,0,Not at algae tile,10,2
21,1,BB,0,0:29:23,4.017,3.605,,10,2
21,1,BB,0,0:31:41,NA,0,Not at algae tile,10,2
21,1,BB,0,0:35:09,NA,0,Not at algae tile,10,2
21,1,BB,0,0:43:20,NA,0,Not at algae tile,10,2
21,1,BB,1,0:45:00,NA,0,Not at algae tile,10,2
21,1,PP,0,0:01:03,NA,0,Not at algae tile,10,2
21,1,PP,0,0:05:28,NA,0,Not at algae tile,10,2
21,1,PP,0,0:33:16,4.035,3.262,,10,2
21,1,PP,0,0:35:18,NA,0,Not at algae tile,10,2
21,1,PP,1,0:45:00,4.216,2.996,,10,2
21,1,RY,0,0:10:44,NA,0,Not at algae tile,10,2
21,1,RY,0,0:13:35,NA,0,Not at algae tile,10,2
21,1,RY,0,0:37:58,NA,0,Not at algae tile,10,2
21,1,RY,0,0:41:42,NA,0,Not at algae tile,10,2
21,1,RY,1,0:45:00,4.233,3.897,,10,2
21,1,RG,0,0:25:04,4.455,3.732,,10,2
21,1,RG,0,0:31:24,NA,0,Not at algae tile,10,2
21,1,RG,0,0:36:27,NA,0,Not at algae tile,10,2
21,1,RG,0,0:37:23,NA,0,Not at algae tile,10,2
21,1,RG,1,0:45:00,4.143,3.005,Same as RR,10,2
21,1,RB,1,0:45:00,4.109,3.278,,10,2
21,1,RP,0,0:20:31,NA,0,Not at algae tile,10,2
21,1,RP,1,0:45:00,3.947,3.476,,10,2
21,1,YG,0,0:16:15,4.222,3.695,,10,2
21,1,YG,0,0:17:01,NA,0,Not at algae tile,10,2
21,1,YG,0,0:28:19,4.226,3.75,,10,2
21,1,YG,0,0:32:05,NA,0,Not at algae tile,10,2
21,1,YG,1,0:45:00,4.143,3.713,Same as GG,10,2
22,1,RR,0,0:01:49,NA,0,Not at algae tile,12,2
22,1,RR,0,0:31:06,4.036,2.554,,12,2
22,1,RR,0,0:33:58,NA,0,Not at algae tile,12,2
22,1,RR,1,0:45:00,3.894,3.539,,12,2
22,1,YY,0,0:00:20,NA,0,Not at algae tile,12,2
22,1,YY,1,0:45:00,3.825,2.894,,12,2
22,1,GG,0,0:33:21,3.963,3.595,,12,2
22,1,GG,1,0:45:00,3.959,3.955,,12,2
22,1,BB,1,0:45:00,3.825,2.894,Same as YY,12,2
22,1,PP,0,0:02:08,NA,0,Not at algae tile,12,2
22,1,PP,0,0:02:46,NA,0,Not at algae tile,12,2
22,1,PP,0,0:05:14,NA,0,Not at algae tile,12,2
22,1,PP,0,0:08:11,NA,0,Not at algae tile,12,2
22,1,PP,1,0:45:00,4.103,2.028,,12,2
22,1,RY,0,0:01:51,NA,0,Not at algae tile,12,2
22,1,RY,1,0:45:00,4.103,2.028,Same as PP,12,2
22,1,RG,0,0:29:05,4.137,3.184,,12,2
22,1,RG,0,0:30:18,NA,0,Not at algae tile,12,2
22,1,RG,1,0:45:00,3.806,3.232,,12,2
22,1,RP,1,0:45:00,4.031,2.535,,12,2
22,1,YB,1,0:45:00,3.881,2.86,,12,2
22,1,YP,0,0:15:30,4.181,3.975,,12,2
22,1,YP,0,0:18:10,NA,0,Not at algae tile,12,2
22,1,YP,0,0:19:42,3.924,3.402,,12,2
22,1,YP,0,0:20:05,NA,0,Not at algae tile,12,2
22,1,YP,0,0:20:26,3.876,3.226,,12,2
22,1,YP,0,0:20:45,3.773,3.575,,12,2
22,1,YP,0,0:24:10,NA,0,Not at algae tile,12,2
22,1,YP,0,0:24:42,4.034,4.017,,12,2
22,1,YP,0,0:25:26,NA,0,Not at algae tile,12,2
22,1,YP,0,0:26:11,NA,0,Not at algae tile,12,2
22,1,YP,0,0:27:10,NA,0,Not at algae tile,12,2
22,1,YP,1,0:45:00,3.882,3.164,,12,2
23,1,YY,0,0:08:07,3.999,3.286,,14,2
23,1,YY,0,0:08:11,3.999,3.831,,14,2
23,1,YY,0,0:08:24,3.892,3.049,,14,2
23,1,YY,0,0:15:36,3.92,3.248,,14,2
23,1,YY,0,0:17:02,4.006,3.897,,14,2
23,1,YY,0,0:20:03,3.93,3.696,,14,2
23,1,YY,0,0:37:36,3.963,3.681,,14,2
23,1,YY,0,0:39:24,NA,0,Not at algae tile,14,2
23,1,YY,0,0:44:11,4,3.521,,14,2
23,1,YY,1,0:45:00,4.033,3.334,,14,2
23,1,GG,1,0:45:00,3.965,2.625,,14,2
23,1,PP,0,0:04:28,NA,0,Not at algae tile,14,2
23,1,PP,0,0:17:45,3.929,3.486,,14,2
23,1,PP,0,0:19:10,NA,0,Not at algae tile,14,2
23,1,PP,0,0:38:59,4.13,3.513,,14,2
23,1,PP,0,0:39:15,NA,0,Not at algae tile,14,2
23,1,PP,0,0:39:38,4.071,2.714,,14,2
23,1,PP,0,0:40:58,NA,0,Not at algae tile,14,2
23,1,PP,1,0:45:00,3.922,3.382,,14,2
23,1,RY,0,0:15:02,4.184,3.292,,14,2
23,1,RY,0,0:17:14,NA,0,Not at algae tile,14,2
23,1,RY,0,0:36:35,3.896,2.171,,14,2
23,1,RY,1,0:45:00,3.999,2.992,,14,2
23,1,RB,0,0:08:33,NA,0,Not at algae tile,14,2
23,1,RB,0,0:11:23,NA,0,Not at algae tile,14,2
23,1,RB,0,0:15:28,4.037,3.884,,14,2
23,1,RB,0,0:24:03,4.143,3.26,,14,2
23,1,RB,0,0:25:30,NA,0,Not at algae tile,14,2
23,1,RB,1,0:45:00,3.964,3.14,,14,2
23,1,RP,0,0:02:37,4.49,3.722,,14,2
23,1,RP,0,0:10:00,4.58,4.56,,14,2
23,1,RP,1,0:45:00,4.261,3.337,,14,2
23,1,YG,0,0:02:13,NA,0,Not at algae tile,14,2
23,1,YG,0,0:08:43,NA,0,Not at algae tile,14,2
23,1,YG,1,0:45:00,3.999,2.992,Same as RY,14,2
23,1,YB,1,0:45:00,4.144,3.452,,14,2
23,1,YP,0,0:06:47,4.456,4.238,,14,2
23,1,YP,0,0:28:58,4.089,3.414,,14,2
23,1,YP,0,0:29:26,NA,0,Not at algae tile,14,2
23,1,YP,0,0:38:30,4.218,3.433,,14,2
23,1,YP,0,0:38:46,NA,0,Not at algae tile,14,2
23,1,YP,0,0:39:16,4.39,3.728,,14,2
23,1,YP,0,0:41:30,NA,0,Not at algae tile,14,2
23,1,YP,1,0:45:00,3.999,2.992,Same as RY,14,2
23,1,GB,1,0:45:00,3.965,2.625,Same as GG,14,2
23,1,BP,0,0:01:04,NA,0,Not at algae tile,14,2
23,1,BP,0,0:01:19,NA,0,Not at algae tile,14,2
23,1,BP,0,0:03:20,NA,0,Not at algae tile,14,2
23,1,BP,0,0:03:57,NA,0,Not at algae tile,14,2
23,1,BP,1,0:45:00,3.999,2.992,Same as RY,14,2
24,1,PP,1,0:45:00,NA,0,not an algae tile,16,2
24,1,GB,0,0:03:03,NA,0,floating,16,2
24,1,GB,0,0:05:47,NA,0,not an algae tile,16,2
24,1,GB,0,0:08:43,NA,0,not an algae tile,16,2
24,1,GB,1,0:45:00,4.427,2.463,,16,2
24,1,YY,0,0:42:28,4.304,3.03,,16,2
24,1,YY,0,0:43:47,NA,0,not an algae tile,16,2
24,1,YY,1,0:45:00,4.376,3.393,,16,2
24,1,YG,0,0:07:20,4.204,3.832,,16,2
24,1,YG,0,0:10:56,4.42,4.189,,16,2
24,1,YG,1,0:45:00,4.421,3.057,,16,2
24,1,PB,0,0:02:19,NA,0,not an algae tile,16,2
24,1,PB,0,0:02:37,NA,0,floating,16,2
24,1,PB,0,0:13:04,NA,0,not an algae tile,16,2
24,1,PB,0,0:15:38,NA,0,floating,16,2
24,1,PB,0,0:17:06,NA,0,not an algae tile,16,2
24,1,PB,1,0:45:00,NA,0,on side,16,2
24,1,BB,0,0:08:01,NA,0,not an algae tile,16,2
24,1,BB,1,0:45:00,4.647,3.509,,16,2
24,1,RG,0,0:19:11,3.922,3.408,,16,2
24,1,RG,0,0:23:32,NA,0,not an algae tile,16,2
24,1,RG,1,0:45:00,4.007,3.603,,16,2
24,1,GG,0,0:06:31,4.096,4.002,,16,2
24,1,GG,1,0:45:00,3.875,2.88,,16,2
24,1,RR,1,0:45:00,4.326,3.252,,16,2
24,1,RP,0,0:03:20,NA,0,not an algae tile,16,2
24,1,RP,0,0:11:30,NA,0,not an algae tile,16,2
24,1,RP,0,0:15:15,NA,0,on side,16,2
24,1,RP,0,0:27:22,4.197,3.171,,16,2
24,1,RP,0,0:30:39,NA,0,not an algae tile,16,2
24,1,RP,0,0:33:29,4.042,3.904,,16,2
24,1,RP,0,0:35:27,NA,0,not an algae tile,16,2
24,1,RP,1,0:45:00,4.185,3.625,,16,2
24,1,CC,0,0:04:02,NA,0,not an algae tile,16,2
24,1,CC,0,0:16:23,NA,0,not an algae tile,16,2
24,1,CC,0,0:18:08,NA,0,not an algae tile,16,2
24,1,CC,0,0:23:35,4.106,3.957,,16,2
24,1,CC,0,0:26:27,NA,0,not an algae tile,16,2
24,1,CC,0,0:43:35,4.156,3.378,,16,2
24,1,CC,0,0:44:39,4.032,3.747,,16,2
24,1,CC,1,0:45:00,NA,0,not an algae tile,16,2
24,1,YP,1,0:45:00,4.133,3.388,,16,2
24,1,YB,0,0:17:27,NA,0,not an algae tile,16,2
24,1,YB,0,0:25:02,NA,0,not an algae tile,16,2
24,1,YB,1,0:45:00,4.162,3.778,,16,2
24,1,RY,0,0:08:04,NA,0,not an algae tile,16,2
24,1,RY,1,0:45:00,4.031,2.705,,16,2
24,1,RB,0,0:03:34,NA,0,on side,16,2
24,1,RB,1,0:45:00,4.146,3.358,,16,2
25,1,RR,0,0:06:31,4.081,3.477,,2,3
25,1,RR,1,0:45:00,4.117,3.576,,2,3
25,1,YY,1,0:45:00,4.108,3.621,on side for some of the time,2,3
26,1,YY,1,0:45:00,4.178,3.585,,4,3
26,1,RR,1,0:45:00,4.405,3.772,,4,3
26,1,PP,0,0:05:55,NA,0,not an algae tile,4,3
26,1,PP,1,0:45:00,3.807,3.464,,4,3
26,1,GG,0,0:07:45,3.9,3.634,,4,3
26,1,GG,0,0:12:19,4.192,4.067,,4,3
26,1,GG,1,0:45:00,4.146,3.89,,4,3
27,1,YY,0,0:11:47,4.004,3.292,,6,3
27,1,YY,1,0:45:00,4.104,2.981,,6,3
27,1,RY,1,0:45:00,4.004,3.441,,6,3
27,1,GG,1,0:45:00,4.071,3.221,,6,3
27,1,PP,0,0:23:42,4.012,3.506,,6,3
27,1,PP,0,0:25:47,NA,0,not an algae tile,6,3
27,1,PP,1,0:45:00,4.087,3.466,,6,3
27,1,BB,0,0:01:35,NA,0,not an algae tile,6,3
27,1,BB,0,0:03:48,NA,0,not an algae tile,6,3
27,1,BB,0,0:09:18,NA,0,not an algae tile,6,3
27,1,BB,0,0:09:49,NA,0,not an algae tile,6,3
27,1,BB,0,0:10:03,NA,0,not an algae tile,6,3
27,1,BB,0,0:20:40,NA,0,not an algae tile,6,3
27,1,BB,0,0:21:39,NA,0,not an algae tile,6,3
27,1,BB,0,0:31:21,NA,0,not an algae tile,6,3
27,1,BB,0,0:32:19,NA,0,not an algae tile,6,3
27,1,BB,0,0:34:43,NA,0,not an algae tile,6,3
27,1,BB,0,0:35:41,NA,0,not an algae tile,6,3
27,1,BB,0,0:36:14,NA,0,not an algae tile,6,3
27,1,BB,0,0:36:35,NA,0,Floating,6,3
27,1,BB,0,0:37:42,NA,0,not an algae tile,6,3
27,1,BB,0,0:38:51,NA,0,Floating,6,3
27,1,BB,1,0:45:00,NA,0,not an algae tile,6,3
27,1,RR,0,0:00:11,NA,0,not an algae tile,6,3
27,1,RR,0,0:00:49,NA,0,not an algae tile,6,3
27,1,RR,0,0:01:40,NA,0,not an algae tile,6,3
27,1,RR,0,0:03:06,NA,0,not an algae tile,6,3
27,1,RR,0,0:03:28,NA,0,not an algae tile,6,3
27,1,RR,0,0:03:52,NA,0,not an algae tile,6,3
27,1,RR,0,0:05:32,NA,0,not an algae tile,6,3
27,1,RR,0,0:12:47,4.017,3.809,,6,3
27,1,RR,1,0:45:00,3.986,3.441,,6,3
28,1,RR,1,0:45:00,4.099,3.529,,8,3
28,1,YY,0,0:01:47,NA,0,not an algae tile,8,3
28,1,YY,1,0:45:00,3.981,3.01,,8,3
28,1,RP,0,0:02:25,4.037,3.681,,8,3
28,1,RP,0,0:03:40,3.975,3.808,,8,3
28,1,RP,0,0:11:57,4.002,3.721,,8,3
28,1,RP,0,0:14:50,NA,0,not an algae tile,8,3
28,1,RP,0,0:24:47,4.07,3.577,,8,3
28,1,RP,0,0:26:23,4.036,3.953,,8,3
28,1,RP,0,0:29:01,NA,0,not an algae tile,8,3
28,1,RP,0,0:36:38,3.957,3.86,,8,3
28,1,RP,0,0:43:34,4.027,3.929,,8,3
28,1,RP,1,0:45:00,NA,0,not an algae tile,8,3
28,1,BB,1,0:45:00,3.995,3.629,,8,3
28,1,PP,0,0:06:47,3.982,3.302,,8,3
28,1,PP,1,0:45:00,3.981,2.402,,8,3
28,1,RG,1,0:45:00,3.988,2.356,,8,3
29,1,BB,1,0:45:00,3.927,2.79,,10,3
29,1,YY,0,0:01:40,NA,0,not an algae tile,10,3
29,1,YY,0,0:09:51,NA,0,on wall,10,3
29,1,YY,0,0:17:04,NA,0,not an algae tile,10,3
29,1,YY,0,0:26:41,NA,0,on wall,10,3
29,1,YY,0,0:30:17,NA,0,not an algae tile,10,3
29,1,YY,0,0:43:14,NA,0,not an algae tile,10,3
29,1,YY,0,0:43:32,NA,0,not an algae tile,10,3
29,1,YY,1,0:45:00,NA,0,not an algae tile,10,3
29,1,RP,0,0:10:29,4.029,3.405,,10,3
29,1,RP,0,0:14:01,4.215,3.35,,10,3
29,1,RP,0,0:15:07,NA,0,not an algae tile,10,3
29,1,RP,0,0:25:44,4.01,3.506,,10,3
29,1,RP,0,0:35:55,4.009,3.588,,10,3
29,1,RP,0,0:37:04,NA,0,not an algae tile,10,3
29,1,RP,0,0:37:36,NA,0,not an algae tile,10,3
29,1,RP,1,0:45:00,4.117,3.31,,10,3
29,1,YG,0,0:09:43,NA,0,not an algae tile,10,3
29,1,YG,0,0:23:09,NA,0,not an algae tile,10,3
29,1,YG,0,0:29:31,NA,0,not an algae tile,10,3
29,1,YG,1,0:45:00,4.231,3.577,,10,3
29,1,RY,0,0:04:46,NA,0,not an algae tile,10,3
29,1,RY,0,0:11:15,NA,0,not an algae tile,10,3
29,1,RY,0,0:12:47,NA,0,not an algae tile,10,3
29,1,RY,1,0:45:00,3.873,3.476,,10,3
29,1,RB,0,0:01:17,NA,0,not an algae tile,10,3
29,1,RB,0,0:28:53,4.038,3.294,,10,3
29,1,RB,0,0:28:57,NA,0,not an algae tile,10,3
29,1,RB,0,0:34:19,4.255,3.656,,10,3
29,1,RB,0,0:37:09,NA,0,not an algae tile,10,3
29,1,RB,1,0:45:00,4.18,3.322,,10,3
29,1,PP,0,0:01:25,NA,0,not an algae tile,10,3
29,1,PP,0,0:36:15,4.166,3.753,,10,3
29,1,PP,1,0:45:00,4.169,4.048,,10,3
29,1,GG,0,0:12:53,3.971,3.298,,10,3
29,1,GG,0,0:21:03,NA,0,not an algae tile,10,3
29,1,GG,1,0:45:00,4.086,2.84,,10,3
29,1,RG,1,0:45:00,4.085,2.739,,10,3
30,1,RG,1,0:45:00,NA,0,Not an algae tile,12,3
30,1,BB,0,0:03:51,NA,0,Not an algae tile,12,3
30,1,BB,1,0:45:00,4.345,3.858,,12,3
30,1,YY,0,0:06:25,NA,0,Not an algae tile,12,3
30,1,YY,1,0:45:00,3.949,3.434,,12,3
30,1,RP,1,0:45:00,3.899,3.659,,12,3
30,1,YP,1,0:45:00,3.866,3.647,,12,3
30,1,PP,0,0:01:41,4.207,4.007,,12,3
30,1,PP,0,0:18:57,4.379,3.05,,12,3
30,1,GG,0,0:19:21,4.144,2.802,,12,3
30,1,GG,0,0:23:06,NA,0,Not an algae tile,12,3
30,1,GG,0,0:24:59,NA,0,Not an algae tile,12,3
30,1,GG,1,0:45:00,3.769,3.493,,12,3
30,1,RY,0,0:01:54,4.194,3.754,,12,3
30,1,RY,0,0:12:25,4.203,3.034,,12,3
30,1,RY,0,0:15:35,NA,0,Not an algae tile,12,3
30,1,RY,1,0:45:00,3.982,2.028,,12,3
30,1,YG,0,0:07:50,3.825,3.59,,12,3
30,1,YG,0,0:08:31,NA,0,Not an algae tile,12,3
30,1,YG,0,0:13:17,3.998,3.998,all green,12,3
30,1,YG,0,0:15:05,NA,0,Not an algae tile,12,3
30,1,YG,0,0:16:53,NA,0,Not an algae tile,12,3
30,1,YG,1,0:45:00,4.094,3.196,,12,3
30,1,RR,0,0:12:05,3.931,3.458,after this snail is on wall,12,3
31,1,RG,0,0:06:40,NA,0,Not an algae tile,14,3
31,1,RG,1,0:45:00,4.079,3.681,,14,3
31,1,YB,1,0:45:00,NA,0,Not an algae tile,14,3
31,1,BB,0,0:14:44,3.984,3.246,,14,3
31,1,BB,0,0:19:18,4.19,3.799,,14,3
31,1,BB,0,0:33:01,NA,0,Not an algae tile,14,3
31,1,BB,0,0:37:19,NA,0,Not an algae tile,14,3
31,1,BB,1,0:45:00,3.722,3.586,,14,3
31,1,PP,0,0:05:11,NA,0,Not an algae tile,14,3
31,1,PP,1,0:45:00,4.266,3.07,,14,3
31,1,GP,0,0:03:20,NA,0,Not an algae tile,14,3
31,1,GP,0,0:40:45,NA,0,Not an algae tile,14,3
31,1,GP,1,0:45:00,NA,0,Not an algae tile,14,3
31,1,YY,0,0:06:30,NA,0,Not an algae tile,14,3
31,1,YY,0,0:31:43,3.802,2.789,,14,3
31,1,YY,0,0:32:36,NA,0,Not an algae tile,14,3
31,1,YY,0,0:34:56,NA,0,Not an algae tile,14,3
31,1,YY,0,0:37:53,3.827,3.217,,14,3
31,1,YY,1,0:45:00,3.959,3.04,,14,3
31,1,YP,0,0:02:06,NA,0,Not an algae tile,14,3
31,1,YP,0,0:03:08,4.003,3.815,,14,3
31,1,YP,1,0:45:00,4.118,3.073,,14,3
31,1,RP,1,0:45:00,NA,0,floating and not feeding,14,3
31,1,RR,0,0:06:06,4.15,3.881,,14,3
31,1,RR,0,0:15:55,3.946,3.111,,14,3
31,1,RR,0,0:16:48,4.243,4.12,,14,3
31,1,RR,0,0:18:40,4.029,3.253,,14,3
31,1,RR,0,0:39:26,3.968,3.072,,14,3
31,1,RR,1,0:45:00,3.859,2.399,,14,3
31,1,RB,0,0:12:43,4.043,3.296,,14,3
31,1,RB,0,0:14:36,NA,0,Not an algae tile,14,3
31,1,RB,0,0:26:40,3.99,3.311,,14,3
31,1,RB,0,0:40:06,NA,0,Not an algae tile,14,3
31,1,RB,1,0:45:00,4.074,2.967,,14,3
31,1,GG,0,0:20:50,4.046,3.535,,14,3
31,1,GG,0,0:30:45,4.217,3.553,,14,3
31,1,GG,0,0:36:55,4.429,3.357,,14,3
31,1,GG,0,0:39:02,NA,0,Not an algae tile,14,3
31,1,GG,0,0:40:09,4.019,3.945,,14,3
31,1,GG,1,0:45:00,3.88,3.38,,14,3
31,1,BG,1,0:45:00,NA,0,Floating  and then lands on non-aglae tile,14,3
31,1,YG,1,0:45:00,NA,0,Floating and on side the whole time,14,3
31,1,RY,0,0:01:31,NA,0,Floating,14,3
31,1,RY,0,0:02:29,NA,0,Floating,14,3
31,1,RY,0,0:04:10,NA,0,Floating,14,3
31,1,RY,0,0:05:43,NA,0,Floating,14,3
31,1,RY,0,0:11:15,NA,0,on wall,14,3
31,1,RY,0,0:13:40,NA,0,on wall,14,3
31,1,RY,0,0:15:08,NA,0,on wall,14,3
31,1,RY,0,0:34:03,NA,0,on wall,14,3
31,1,RY,0,0:40:48,NA,0,on wall,14,3
31,1,RY,1,0:45:00,NA,0,on wall,14,3
32,1,YG,0,0:36:05,4.084,3.808,,16,3
32,1,YG,0,0:38:41,NA,0,Not an algae tile,16,3
32,1,YG,0,0:43:30,4.419,3.735,,16,3
32,1,YG,1,0:45:00,3.978,3.694,Same as CC 45:00,16,3
32,1,RY,0,0:00:28,NA,0,Not an algae tile,16,3
32,1,RY,0,0:08:45,NA,0,Not an algae tile,16,3
32,1,RY,0,0:11:25,NA,0,Not an algae tile,16,3
32,1,RY,0,0:11:53,NA,0,Not an algae tile,16,3
32,1,RY,0,0:12:12,NA,0,Not an algae tile,16,3
32,1,RY,0,0:18:55,NA,0,Not an algae tile,16,3
32,1,RY,1,0:45:00,3.971,3.364,,16,3
32,1,BG,0,0:17:45,NA,0,Not an algae tile,16,3
32,1,BG,0,0:25:10,4.022,3.839,,16,3
32,1,BG,0,0:28:33,4.046,2.441,,16,3
32,1,BG,0,0:41:35,NA,0,Not an algae tile,16,3
32,1,BG,0,0:41:58,4.122,2.606,,16,3
32,1,BG,0,0:44:36,NA,0,Not an algae tile,16,3
32,1,BG,1,0:45:00,NA,0,Not an algae tile,16,3
32,1,PP,1,0:45:00,4.287,2.596,Same as GP 45:00,16,3
32,1,RP,0,0:14:45,NA,0,Not an algae tile,16,3
32,1,RP,0,0:20:20,NA,0,Not an algae tile,16,3
32,1,RP,1,0:45:00,4.019,3.381,Same as RG 45:00,16,3
32,1,RR,0,0:01:29,NA,0,Not an algae tile,16,3
32,1,RR,0,0:09:34,NA,0,Not an algae tile,16,3
32,1,RR,0,0:19:38,4.195,3.269,,16,3
32,1,RR,0,0:23:50,4.02,3.358,,16,3
32,1,RR,0,0:37:56,4.17,3.115,,16,3
32,1,RR,0,0:39:25,NA,0,Not an algae tile,16,3
32,1,RR,1,0:45:00,4.301,3.581,,16,3
32,1,GP,0,0:41:57,4.215,3.724,,16,3
32,1,GP,1,0:45:00,4.287,2.596,Same as PP 45:00,16,3
32,1,RB,0,0:21:44,3.986,3.347,,16,3
32,1,RB,0,0:30:19,NA,0,Not an algae tile,16,3
32,1,RB,0,0:30:50,4.176,3.93,,16,3
32,1,RB,0,0:32:26,NA,0,Not an algae tile,16,3
32,1,RB,0,0:41:11,4.248,3.17,,16,3
32,1,YY,0,0:11:25,4.089,3.359,,16,3
32,1,YY,0,0:17:07,4.166,3.777,,16,3
32,1,YY,0,0:29:53,4.051,3.364,,16,3
32,1,YY,0,0:34:28,4.265,4.106,,16,3
32,1,YY,0,0:36:53,NA,0,Not an algae tile,16,3
32,1,YY,1,0:45:00,4.229,3.835,,16,3
32,1,RG,1,0:45:00,4.019,3.381,Same as RP 45:00,16,3
32,1,YB,1,0:45:00,4.158,3.496,,16,3
32,1,GG,0,0:05:14,NA,0,Not an algae tile,16,3
32,1,GG,0,0:06:33,NA,0,Not an algae tile,16,3
32,1,GG,0,0:08:50,NA,0,Not an algae tile,16,3
32,1,GG,0,0:15:15,4.225,3.064,,16,3
32,1,GG,0,0:18:24,4.211,3.648,,16,3
32,1,GG,0,0:24:25,4.083,3.456,,16,3
32,1,GG,0,0:41:15,4.094,3.093,,16,3
32,1,GG,1,0:45:00,4.107,3.363,,16,3
32,1,BB,0,0:00:36,4.433,4.007,,16,3
32,1,BB,0,0:27:42,4.171,3.301,,16,3
32,1,BB,0,0:39:11,4.32,2.275,,16,3
32,1,BB,1,0:45:00,4.325,3.352,Same as BP 45:00,16,3
32,1,BP,0,0:37:15,4.196,2.832,,16,3
32,1,BP,0,0:45:00,4.325,3.352,Same as BB 45:00,16,3
32,1,YP,1,0:45:00,4.314,3.146,,16,3
32,1,CC,0,0:11:11,NA,0,Not an algae tile,16,3
32,1,CC,0,0:18:12,4.406,4.028,,16,3
32,1,CC,0,0:31:53,4.207,3.894,,16,3
32,1,CC,0,0:42:43,4.119,3.753,,16,3
32,1,CC,1,0:45:00,3.978,3.694,Same as YG 45:00,16,3
33,1,YY,0,0:06:07,NA,0,Not an algae tile,2,4
33,1,YY,0,0:09:49,NA,0,Not an algae tile,2,4
33,1,YY,0,0:15:18,NA,0,Not an algae tile,2,4
33,1,YY,0,0:15:55,3.95,3.881,,2,4
33,1,YY,0,0:16:26,NA,0,Not an algae tile,2,4
33,1,YY,0,0:34:15,3.941,3.301,,2,4
33,1,YY,1,0:45:00,NA,0,Not an algae tile,2,4
33,1,RR,0,0:02:38,3.977,3.867,,2,4
33,1,RR,0,0:19:41,3.957,3.356,,2,4
33,1,RR,0,0:21:47,4.016,3.775,,2,4
33,1,RR,0,0:26:00,3.908,3.781,,2,4
33,1,RR,0,0:26:52,4.003,3.933,,2,4
33,1,RR,0,0:33:41,3.891,3.787,,2,4
33,1,RR,0,0:36:09,NA,0,Not an algae tile,2,4
33,1,RR,0,0:44:17,3.895,3.584,,2,4
33,1,RR,1,0:45:00,NA,0,Not an algae tile,2,4
34,1,GG,0,0:10:13,4.048,2.998,,4,4
34,1,GG,0,0:38:41,4.099,3.618,,4,4
34,1,GG,0,0:44:04,3.624,2.971,,4,4
34,1,GG,1,0:45:00,3.77,3.254,,4,4
34,1,PP,0,0:03:35,4.037,3.608,,4,4
34,1,PP,0,0:26:44,4.103,3.424,,4,4
34,1,PP,0,0:31:08,3.9,3.553,,4,4
34,1,PP,0,0:32:30,NA,0,Not an algae tile,4,4
34,1,PP,1,0:45:00,4,3.472,,4,4
34,1,RR,0,0:01:53,NA,0,Not an algae tile,4,4
34,1,RR,0,0:04:45,NA,0,Not an algae tile,4,4
34,1,RR,0,0:16:32,4.046,3.679,,4,4
34,1,RR,1,0:45:00,3.988,3.451,,4,4
34,1,YY,0,0:11:44,4.002,3.42,,4,4
34,1,YY,0,0:14:24,4,3.62,,4,4
34,1,YY,0,0:22:35,4.07,3.614,,4,4
34,1,YY,0,0:23:42,3.929,3.729,,4,4
34,1,YY,0,0:24:05,4.116,3.663,,4,4
34,1,YY,0,0:41:34,3.995,3.905,,4,4
34,1,YY,0,0:42:33,NA,0,Not an algae tile,4,4
34,1,YY,0,0:44:30,4.045,3.481,,4,4
34,1,YY,1,0:45:00,3.985,3.801,,4,4
35,1,PP,0,0:02:39,NA,0,Not an algae tile,6,4
35,1,PP,0,0:03:05,NA,0,Not an algae tile,6,4
35,1,PP,0,0:08:26,NA,0,Not an algae tile,6,4
35,1,PP,0,0:25:58,4.191,3.727,,6,4
35,1,PP,0,0:27:10,NA,0,Not an algae tile,6,4
35,1,PP,0,0:30:51,4.018,3.551,,6,4
35,1,PP,0,0:31:46,NA,0,Not an algae tile,6,4
35,1,PP,0,0:37:00,3.944,3.601,,6,4
35,1,PP,1,0:45:00,4.107,3.161,,6,4
35,1,YY,1,0:45:00,4.146,3.104,same as PP-45:00,6,4
35,1,RR,0,0:05:20,NA,0,Not an algae tile,6,4
35,1,RR,0,0:08:37,NA,0,Not an algae tile,6,4
35,1,RR,0,0:41:02,4.281,3.998,,6,4
35,1,RR,0,0:42:10,NA,0,Not an algae tile,6,4
35,1,RR,1,0:45:00,4.073,3.896,,6,4
35,1,GG,0,0:01:35,NA,0,Floating,6,4
35,1,GG,0,0:04:55,NA,0,Floating,6,4
35,1,GG,0,0:08:53,NA,0,Floating,6,4
35,1,GG,0,0:11:27,NA,0,Floating,6,4
35,1,GG,0,0:13:46,NA,0,Floating,6,4
35,1,GG,0,0:16:43,NA,0,on wall,6,4
35,1,GG,0,0:23:03,NA,0,on wall,6,4
35,1,GG,0,0:41:15,NA,0,on wall,6,4
35,1,GG,1,0:45:00,NA,0,on wall,6,4
35,1,BB,0,0:37:03,4.114,3.63,,6,4
35,1,BB,0,0:41:10,4.133,3.993,,6,4
35,1,BB,1,0:45:00,4.056,3.624,,6,4
35,1,RY,0,0:10:20,3.867,3.17,,6,4
35,1,RY,0,0:15:15,3.937,3.745,,6,4
35,1,RY,1,0:45:00,4.061,3.243,,6,4
36,1,RG,1,0:45:00,4.178,3.594,,8,4
36,1,RR,0,0:03:20,NA,0,Not an algae tile,8,4
36,1,RR,0,0:29:18,3.884,3.457,,8,4
36,1,RR,1,0:45:00,3.985,3.727,,8,4
36,1,RY,1,0:45:00,3.856,3.373,Same as RP-45:00,8,4
36,1,RP,0,0:38:02,3.855,3.619,,8,4
36,1,RP,1,0:45:00,3.856,3.373,same as RY-45:00,8,4
36,1,YY,0,0:19:04,NA,0,Not an algae tile,8,4
36,1,YY,0,0:23:54,3.982,3.889,,8,4
36,1,YY,1,0:45:00,3.797,2.733,,8,4
36,1,BB,0,0:05:12,NA,0,Not an algae tile,8,4
36,1,BB,1,0:45:00,3.754,3.234,,8,4
36,1,PP,0,0:30:51,4.316,3.4,,8,4
36,1,PP,0,0:43:22,3.853,3.58,,8,4
36,1,PP,1,0:45:00,4.145,3.848,,8,4
36,1,GG,0,0:04:19,NA,0,Not an algae tile,8,4
36,1,GG,1,0:45:00,3.913,3.329,,8,4
37,1,GG,0,0:06:07,4.067,3.764,,10,4
37,1,GG,0,0:07:40,NA,0,Not an algae tile,10,4
37,1,GG,0,0:29:38,3.88,3.564,,10,4
37,1,GG,0,0:32:45,4.023,3.945,,10,4
37,1,GG,0,0:42:25,4.102,3.597,,10,4
37,1,GG,1,0:45:00,3.797,3.387,,10,4
37,1,RY,0,0:05:10,4.065,3.793,,10,4
37,1,RY,0,0:14:27,3.967,3.683,,10,4
37,1,RY,0,0:15:33,NA,0,Not an algae tile,10,4
37,1,RY,0,0:43:23,3.737,3.162,,10,4
37,1,RY,1,0:45:00,3.908,3.772,,10,4
37,1,PP,0,0:01:05,4.01,3.93,,10,4
37,1,PP,1,0:45:00,4.022,3.097,,10,4
37,1,PR,0,0:01:20,NA,0,Not an algae tile,10,4
37,1,PR,0,0:05:34,NA,0,Not an algae tile,10,4
37,1,PR,0,0:07:11,NA,0,Not an algae tile,10,4
37,1,PR,0,0:11:20,NA,0,Not an algae tile,10,4
37,1,PR,0,0:12:00,NA,0,Floating,10,4
37,1,PR,0,0:19:02,NA,0,Floating,10,4
37,1,PR,1,0:45:00,NA,0,Floating,10,4
37,1,YY,0,0:02:50,4.134,3.924,,10,4
37,1,YY,0,0:08:26,3.892,3.265,,10,4
37,1,YY,0,0:13:54,4,3.885,,10,4
37,1,YY,1,0:45:00,4.234,3.409,,10,4
37,1,RR,0,0:05:34,4.058,3.472,,10,4
37,1,RR,0,0:22:56,4.062,3.396,,10,4
37,1,RR,0,0:42:10,3.921,3.138,,10,4
37,1,RR,0,0:43:46,3.921,3.114,,10,4
37,1,RR,1,0:45:00,4.027,2.919,,10,4
37,1,YG,0,0:14:32,4.062,3.463,,10,4
37,1,YG,0,0:18:25,NA,0,Not an algae tile,10,4
37,1,YG,1,0:45:00,4.027,2.919,same as RR-45:00,10,4
37,1,BR,0,0:10:22,NA,0,on side ,10,4
37,1,BR,0,0:15:24,NA,0,on side ,10,4
37,1,BR,0,0:22:33,NA,0,on side ,10,4
37,1,BR,0,0:24:24,NA,0,Not an algae tile,10,4
37,1,BR,0,0:25:22,NA,0,Not an algae tile,10,4
37,1,BR,0,0:27:10,4.087,3.289,,10,4
37,1,BR,0,0:36:15,3.809,3.496,,10,4
37,1,BR,1,0:45:00,4.089,2.692,,10,4
37,1,BB,0,0:22:17,3.896,2.855,,10,4
37,1,BB,0,0:24:57,NA,0,Not an algae tile,10,4
37,1,BB,0,0:35:18,4.044,2.978,,10,4
37,1,BB,0,0:37:50,4.112,3.905,,10,4
37,1,BB,1,0:45:00,4.138,2.318,,10,4
37,1,RG,0,0:03:20,3.98,3.739,,10,4
37,1,RG,1,0:45:00,4.138,2.318,same as BB-45:00,10,4
38,1,BB,0,0:07:05,NA,0,Not an algae tile,12,4
38,1,BB,0,0:13:12,NA,0,Not an algae tile,12,4
38,1,BB,0,0:16:15,NA,0,Not an algae tile,12,4
38,1,BB,1,0:45:00,3.838,3.19,,12,4
38,1,PP,1,0:45:00,4.022,3.227,,12,4
38,1,PY,0,0:19:00,NA,0,Not an algae tile,12,4
38,1,PY,1,0:45:00,4.022,3.227,same as PP-45:00,12,4
38,1,RB,0,0:01:35,NA,0,Not an algae tile,12,4
38,1,RB,0,0:06:23,NA,0,on the wall,12,4
38,1,RB,0,0:12:29,NA,0,Not an algae tile,12,4
38,1,RB,0,0:29:10,4.247,3.689,,12,4
38,1,RB,1,0:45:00,4.277,3.402,,12,4
38,1,YG,0,0:01:25,NA,0,Not an algae tile,12,4
38,1,YG,0,0:22:55,4.089,3.514,,12,4
38,1,YG,0,0:33:04,3.848,3.749,,12,4
38,1,YG,1,0:45:00,3.841,2.707,,12,4
38,1,YY,0,0:35:25,4.139,3.435,,12,4
38,1,YY,1,0:45:00,4.085,3.674,,12,4
38,1,RG,0,0:00:53,NA,0,Floating,12,4
38,1,RG,0,0:04:50,NA,0,Floating,12,4
38,1,RG,0,0:18:36,NA,0,Not an algae tile,12,4
38,1,RG,0,0:27:42,NA,0,Not an algae tile,12,4
38,1,RG,0,0:30:49,NA,0,Not an algae tile,12,4
38,1,RG,0,0:31:35,NA,0,Not an algae tile,12,4
38,1,RG,0,0:36:57,NA,0,Not an algae tile,12,4
38,1,RG,0,0:44:24,NA,0,Floating,12,4
38,1,RG,0,0:44:52,NA,0,Floating,12,4
38,1,RG,1,0:45:00,NA,0,Not an algae tile,12,4
38,1,RY,1,0:45:00,3.971,2.733,,12,4
38,1,BY,0,0:00:35,3.903,3.824,,12,4
38,1,BY,1,0:45:00,3.971,2.733,same as 45:00-RY,12,4
38,1,GG,0,0:00:52,NA,0,Not an algae tile,12,4
38,1,GG,0,0:06:09,NA,0,Not an algae tile,12,4
38,1,GG,0,0:13:00,3.901,3.494,,12,4
38,1,GG,0,0:14:30,NA,0,Not an algae tile,12,4
38,1,GG,0,0:16:21,4.024,3.593,,12,4
38,1,GG,0,0:17:24,NA,0,Not an algae tile,12,4
38,1,GG,0,0:18:30,4.053,3.429,,12,4
38,1,GG,1,0:45:00,3.933,3.379,,12,4
38,1,PR,0,0:00:50,NA,0,Not an algae tile,12,4
38,1,PR,0,0:20:15,3.953,3.684,,12,4
38,1,PR,1,0:45:00,3.97,3.756,,12,4
38,1,RR,0,0:04:55,NA,0,Not an algae tile,12,4
38,1,RR,0,0:11:35,NA,0,Not an algae tile,12,4
38,1,RR,0,0:26:45,3.944,3.744,,12,4
38,1,RR,0,0:36:48,NA,0,Not an algae tile,12,4
38,1,RR,0,0:40:49,NA,0,on wall,12,4
38,1,RR,0,0:43:50,NA,0,Not an algae tile,12,4
38,1,RR,1,0:45:00,NA,0,on wall,12,4
39,1,BR,0,0:03:53,4.08,3.915,,14,4
39,1,BR,1,0:45:00,3.986,3.665,,14,4
39,1,RP,1,0:45:00,4.541,4.122,,14,4
39,1,PY,0,0:02:39,NA,0,Not an algae tile,14,4
39,1,PY,0,0:19:33,4.164,3.956,,14,4
39,1,PY,0,0:23:47,NA,0,on wall,14,4
39,1,PY,0,0:28:46,NA,0,Not an algae tile,14,4
39,1,PY,1,0:45:00,3.999,3.136,,14,4
39,1,PG,1,0:45:00,NA,0,Not an algae tile,14,4
39,1,GY,0,0:02:31,NA,0,Not an algae tile,14,4
39,1,GY,0,0:04:15,NA,0,Not an algae tile,14,4
39,1,GY,0,0:11:55,NA,0,Not an algae tile,14,4
39,1,GY,0,0:25:26,3.979,3.28,,14,4
39,1,GY,0,0:31:50,4.203,4.065,,14,4
39,1,GY,1,0:45:00,3.932,3.256,,14,4
39,1,GG,0,0:04:22,NA,0,Not an algae tile,14,4
39,1,GG,0,0:09:01,NA,0,Not an algae tile,14,4
39,1,GG,0,0:13:02,NA,0,Not an algae tile,14,4
39,1,GG,0,0:17:56,NA,0,Not an algae tile,14,4
39,1,GG,1,0:45:00,4.01,3.314,,14,4
39,1,RY,0,0:39:50,4.131,3.519,,14,4
39,1,RY,1,0:45:00,4.111,3.283,,14,4
39,1,RG,1,0:45:00,4.08,3.185,,14,4
39,1,BB,0,0:02:45,NA,0,Not an algae tile,14,4
39,1,BB,0,0:03:45,NA,0,Not an algae tile,14,4
39,1,BB,0,0:13:40,NA,0,Not an algae tile,14,4
39,1,BB,0,0:14:13,NA,0,Not an algae tile,14,4
39,1,BB,0,0:19:41,NA,0,Not an algae tile,14,4
39,1,BB,0,0:26:35,NA,0,Not an algae tile,14,4
39,1,BB,0,0:31:51,NA,0,Not an algae tile,14,4
39,1,BB,1,0:45:00,4.031,3.378,,14,4
39,1,PP,1,0:45:00,4.075,2.718,,14,4
39,1,BG,0,0:24:18,4.092,2.765,,14,4
39,1,BG,0,0:26:16,4.024,3.708,,14,4
39,1,BG,0,0:32:33,4.066,2.55,,14,4
39,1,BG,1,0:45:00,4.141,2.738,,14,4
39,1,BY,0,0:08:41,3.961,2.819,,14,4
39,1,BY,0,0:10:38,NA,0,Not an algae tile,14,4
39,1,BY,1,0:45:00,4.156,3.033,,14,4
39,1,RR,0,0:15:16,3.986,3.764,,14,4
39,1,RR,0,0:16:25,NA,0,Not an algae tile,14,4
39,1,RR,1,0:45:00,3.889,3.161,,14,4
39,1,YY,0,0:09:24,4.109,3.6,,14,4
39,1,YY,0,0:39:59,4.1,1.83,,14,4
39,1,YY,1,0:45:00,4.01,3.629,,14,4
40,1,RR,0,0:03:41,NA,0,Not an algae tile,16,4
40,1,RR,0,0:26:35,NA,0,Not an algae tile,16,4
40,1,RR,0,0:40:32,NA,0,Not an algae tile,16,4
40,1,RR,1,0:45:00,NA,0,Not an algae tile,16,4
40,1,BB,0,0:28:10,NA,0,Not an algae tile,16,4
40,1,BB,1,0:45:00,4.138,3.202,,16,4
40,1,YY,0,0:06:15,NA,0,Floating,16,4
40,1,YY,0,0:08:25,NA,0,Not an algae tile,16,4
40,1,YY,0,0:10:01,NA,0,Not an algae tile,16,4
40,1,YY,0,0:13:21,NA,0,Floating,16,4
40,1,YY,0,0:16:06,NA,0,Floating,16,4
40,1,YY,0,0:17:58,NA,0,Floating,16,4
40,1,YY,0,0:42:59,NA,0,Not an algae tile,16,4
40,1,YY,1,0:45:00,4.06,3.734,,16,4
40,1,PB,1,0:45:00,4.138,3.202,same as BB-45:00,16,4
40,1,RB,0,0:08:32,NA,0,Not an algae tile,16,4
40,1,RB,0,0:14:54,NA,0,Not an algae tile,16,4
40,1,RB,0,0:24:12,3.979,3.487,,16,4
40,1,RB,1,0:45:00,4.138,3.202,same as BB-45:00,16,4
40,1,YB,0,0:22:45,4.053,3.363,,16,4
40,1,YB,0,0:26:17,4.103,3.983,,16,4
40,1,YB,0,0:30:10,NA,0,Not an algae tile,16,4
40,1,YB,1,0:45:00,4.108,3.113,,16,4
40,1,GG,0,0:02:40,4.026,3.85,,16,4
40,1,GG,1,0:45:00,3.93,2.409,,16,4
40,1,GB,0,0:05:27,NA,0,Not an algae tile,16,4
40,1,GB,0,0:06:52,NA,0,Not an algae tile,16,4
40,1,GB,0,0:14:04,NA,0,Not an algae tile,16,4
40,1,GB,0,0:27:35,3.951,2.24,,16,4
40,1,GB,0,0:35:32,NA,0,Not an algae tile,16,4
40,1,GB,0,0:36:36,NA,0,Not an algae tile,16,4
40,1,GB,0,0:39:08,NA,0,Not an algae tile,16,4
40,1,GB,0,0:42:00,NA,0,Not an algae tile,16,4
40,1,GB,0,0:43:17,NA,0,Not an algae tile,16,4
40,1,GB,1,0:45:00,NA,0,Not an algae tile,16,4
40,1,Ch,0,0:15:25,3.921,2.459,,16,4
40,1,Ch,0,0:18:32,3.953,3.226,,16,4
40,1,Ch,0,0:23:25,3.919,2.084,,16,4
40,1,Ch,0,0:24:05,NA,0,Not an algae tile,16,4
40,1,Ch,0,0:24:35,NA,0,Not an algae tile,16,4
40,1,Ch,0,0:30:17,3.884,3.034,,16,4
40,1,Ch,0,0:33:55,3.971,3.866,,16,4
40,1,Ch,0,0:34:32,4.006,3.502,,16,4
40,1,Ch,0,0:35:45,4.014,3.842,,16,4
40,1,Ch,0,0:35:53,3.931,3.242,,16,4
40,1,Ch,0,0:37:54,3.935,2.649,,16,4
40,1,Ch,0,0:38:25,NA,0,Not an algae tile,16,4
40,1,Ch,1,0:45:00,3.928,3.251,,16,4
40,1,YG,0,0:05:50,3.839,3.487,,16,4
40,1,YG,0,0:38:17,3.971,3.038,,16,4
40,1,YG,1,0:45:00,4.087,2.57,,16,4
40,1,RP,0,0:24:57,NA,0,Not an algae tile,16,4
40,1,RP,0,0:26:34,NA,0,Not an algae tile,16,4
40,1,RP,0,0:31:15,NA,0,Not an algae tile,16,4
40,1,RP,1,0:45:00,4.041,3.772,,16,4
40,1,RY,0,0:07:05,NA,0,Not an algae tile,16,4
40,1,RY,0,0:23:25,3.93,3.259,,16,4
40,1,RY,0,0:27:34,NA,0,Not an algae tile,16,4
40,1,RY,1,0:45:00,4.054,2.893,,16,4
40,1,PG,0,0:20:30,NA,0,Not an algae tile,16,4
40,1,PG,0,0:38:20,NA,0,Not an algae tile,16,4
40,1,PG,0,0:44:48,NA,0,Not an algae tile,16,4
40,1,PG,1,0:45:00,4.054,2.893,same as RY-45:00,16,4
40,1,PP,0,0:02:02,NA,0,Not an algae tile,16,4
40,1,PP,0,0:12:30,NA,0,Not an algae tile,16,4
40,1,PP,0,0:18:25,NA,0,Not an algae tile,16,4
40,1,PP,0,0:35:40,NA,0,on wall,16,4
40,1,PP,1,0:45:00,4.066,3.45,,16,4
40,1,RG,0,0:00:40,NA,0,Floating,16,4
40,1,RG,0,0:06:06,NA,0,Floating,16,4
40,1,RG,0,0:20:00,NA,0,Not an algae tile,16,4
40,1,RG,0,0:20:35,NA,0,Not an algae tile,16,4
40,1,RG,0,0:37:23,4.114,3.399,,16,4
40,1,RG,1,0:45:00,3.94,2.66,,16,4
41,1,RR,0,0:20:48,NA,0,Not an algae tile,2,5
41,1,RR,0,0:25:05,NA,0,Not an algae tile,2,5
41,1,RR,1,0:45:00,4.065,3.968,,2,5
41,1,YY,0,0:01:43,4.146,3.995,,2,5
41,1,YY,0,0:07:55,4.165,3.848,,2,5
41,1,YY,1,0:45:00,4.072,3.369,,2,5
42,1,PP,0,0:02:19,NA,0,Not an algae tile,4,5
42,1,PP,0,0:05:09,NA,0,Floating,4,5
42,1,PP,0,0:05:59,NA,0,Not an algae tile,4,5
42,1,PP,0,0:13:28,NA,0,Not an algae tile,4,5
42,1,PP,0,0:14:15,NA,0,Not an algae tile,4,5
42,1,PP,0,0:18:37,NA,0,Not an algae tile,4,5
42,1,PP,0,0:22:08,NA,0,Not an algae tile,4,5
42,1,PP,0,0:40:23,NA,0,on wall,4,5
42,1,PP,0,0:42:44,NA,0,on wall,4,5
42,1,PP,1,0:45:00,NA,0,on wall,4,5
42,1,YY,0,0:29:53,3.87,3.519,,4,5
42,1,YY,0,0:43:48,3.846,3.765,,4,5
42,1,YY,1,0:45:00,3.924,3.642,,4,5
42,1,GG,1,0:45:00,NA,0,Not an algae tile,4,5
42,1,RR,1,0:45:00,3.955,3.327,,4,5
43,1,YY,0,0:03:24,4.257,4.141,,6,5
43,1,YY,0,0:05:48,NA,0,Not an algae tile,6,5
43,1,YY,0,0:08:59,NA,0,Not an algae tile,6,5
43,1,YY,0,0:12:16,NA,0,Not an algae tile,6,5
43,1,YY,0,0:34:26,NA,0,Not an algae tile,6,5
43,1,YY,0,0:35:37,NA,0,Not an algae tile,6,5
43,1,YY,0,0:39:20,NA,0,Not an algae tile,6,5
43,1,YY,1,0:45:00,4.282,3.93,,6,5
43,1,RY,0,0:02:43,4.427,4.199,,6,5
43,1,RY,0,0:31:16,4.263,3.163,,6,5
43,1,RY,0,0:33:20,3.975,3.827,,6,5
43,1,RY,0,0:44:29,4.123,2.781,,6,5
43,1,RY,1,0:45:00,4.127,3.947,,6,5
43,1,RR,0,0:00:51,NA,0,Floating,6,5
43,1,RR,0,0:01:10,NA,0,Floating,6,5
43,1,RR,0,0:05:18,NA,0,Floating,6,5
43,1,RR,0,0:11:55,NA,0,Floating,6,5
43,1,RR,0,0:14:30,NA,0,Floating,6,5
43,1,RR,0,0:16:00,NA,0,Floating,6,5
43,1,RR,0,0:20:00,NA,0,Floating,6,5
43,1,RR,0,0:22:12,NA,0,Floating,6,5
43,1,RR,0,0:26:45,NA,0,Floating,6,5
43,1,RR,0,0:31:00,NA,0,Floating,6,5
43,1,RR,1,0:45:00,NA,0,Floating,6,5
43,1,GG,0,0:00:31,NA,0,Floating,6,5
43,1,GG,0,0:02:30,NA,0,Floating,6,5
43,1,GG,0,0:02:47,NA,0,Floating,6,5
43,1,GG,0,0:10:20,NA,0,Floating,6,5
43,1,GG,0,0:13:26,NA,0,Floating,6,5
43,1,GG,0,0:15:19,NA,0,Floating,6,5
43,1,GG,0,0:16:10,NA,0,Floating,6,5
43,1,GG,0,0:18:55,NA,0,Floating,6,5
43,1,GG,0,0:19:37,NA,0,Floating,6,5
43,1,GG,0,0:36:30,NA,0,Floating,6,5
43,1,GG,0,0:37:45,NA,0,Floating,6,5
43,1,GG,1,0:45:00,NA,0,Floating,6,5
43,1,PP,1,0:45:00,4.259,3.615,,6,5
44,1,BB,0,0:05:45,NA,0,Not an algae tile,8,5
44,1,BB,0,0:21:13,NA,0,Not an algae tile,8,5
44,1,BB,0,0:25:09,NA,0,Not an algae tile,8,5
44,1,BB,0,0:26:02,NA,0,Not an algae tile,8,5
44,1,BB,0,0:28:09,NA,0,Not an algae tile,8,5
44,1,BB,1,0:45:00,4.304,3.935,,8,5
44,1,RR,1,0:45:00,4.003,3.461,,8,5
44,1,YY,0,0:03:04,NA,0,Not an algae tile,8,5
44,1,YY,0,0:09:23,NA,0,Not an algae tile,8,5
44,1,YY,0,0:10:34,NA,0,Not an algae tile,8,5
44,1,YY,0,0:34:40,3.954,3.026,,8,5
44,1,YY,0,0:36:31,3.83,3.763,,8,5
44,1,YY,1,0:45:00,4.207,2.647,,8,5
44,1,RP,1,0:45:00,4.031,3.294,,8,5
44,1,PP,0,0:07:35,NA,0,Not an algae tile,8,5
44,1,PP,0,0:36:28,NA,0,Not an algae tile,8,5
44,1,PP,1,0:45:00,NA,0,Not an algae tile,8,5
44,1,GG,0,0:10:19,NA,0,Not an algae tile,8,5
44,1,GG,0,0:26:51,NA,0,Not an algae tile,8,5
44,1,GG,1,0:45:00,3.885,3.068,,8,5
44,1,RY,1,0:45:00,3.982,3.504,,8,5
44,1,RG,0,0:01:16,3.809,3.655,,8,5
44,1,RG,0,0:21:49,4.041,3.751,,8,5
44,1,RG,0,0:32:57,3.91,3.776,,8,5
44,1,RG,1,0:45:00,3.885,3.068,same as GG-45:00,8,5
45,1,GG,0,0:00:30,NA,0,Not an algae tile,10,5
45,1,GG,0,0:01:58,NA,0,Not an algae tile,10,5
45,1,GG,0,0:03:19,NA,0,on wall,10,5
45,1,GG,0,0:36:39,3.964,3.333,,10,5
45,1,GG,0,0:38:19,4.131,3.654,,10,5
45,1,GG,1,0:45:00,4.1,3.535,,10,5
45,1,RP,0,0:14:15,4.406,4.126,,10,5
45,1,RP,0,0:15:49,NA,0,Not an algae tile,10,5
45,1,RP,0,0:18:08,NA,0,Not an algae tile,10,5
45,1,RP,0,0:19:05,NA,0,Not an algae tile,10,5
45,1,RP,1,0:45:00,4.472,3.955,,10,5
45,1,BB,0,0:22:05,4.114,3.183,,10,5
45,1,BB,0,0:29:35,4.264,4.115,,10,5
45,1,BB,0,0:37:38,4.118,3.544,,10,5
45,1,BB,0,0:44:35,4.236,4.001,,10,5
45,1,BB,1,0:45:00,4.13,3.441,,10,5
45,1,RB,1,0:45:00,4.112,3.263,,10,5
45,1,PP,1,0:45:00,4.014,3.639,,10,5
45,1,RG,0,0:00:47,NA,0,Not an algae tile,10,5
45,1,RG,0,0:08:51,NA,0,Not an algae tile,10,5
45,1,RG,0,0:11:25,NA,0,Not an algae tile,10,5
45,1,RG,0,0:16:54,NA,0,Not an algae tile,10,5
45,1,RG,0,0:22:11,NA,0,Not an algae tile,10,5
45,1,RG,1,0:45:00,3.965,3.204,,10,5
45,1,RR,1,0:45:00,4.152,3.527,,10,5
45,1,RY,0,0:08:47,NA,0,Not an algae tile,10,5
45,1,RY,0,0:39:46,4.162,3.428,,10,5
45,1,RY,1,0:45:00,4.278,3.721,,10,5
45,1,YG,0,0:02:48,0,0,Floating,10,5
45,1,YG,0,0:04:30,0,0,Floating,10,5
45,1,YG,0,0:07:55,0,0,Floating,10,5
45,1,YG,0,0:11:21,NA,0,Not an algae tile,10,5
45,1,YG,0,0:13:50,NA,0,Not an algae tile,10,5
45,1,YG,0,0:15:59,0,0,Floating,10,5
45,1,YG,0,0:16:50,NA,0,Not an algae tile,10,5
45,1,YG,0,0:17:54,0,0,Floating,10,5
45,1,YG,0,0:25:22,0,0,Floating,10,5
45,1,YG,0,0:25:40,0,0,Floating,10,5
45,1,YG,0,0:33:42,NA,0,Not an algae tile,10,5
45,1,YG,1,0:45:00,4.099,3.643,,10,5
45,1,YY,0,0:06:53,NA,0,Not an algae tile,10,5
45,1,YY,0,0:07:29,NA,0,Not an algae tile,10,5
45,1,YY,0,0:13:04,NA,0,Not an algae tile,10,5
45,1,YY,0,0:14:40,NA,0,Not an algae tile,10,5
45,1,YY,0,0:18:12,NA,0,Not an algae tile,10,5
45,1,YY,0,0:20:31,NA,0,Not an algae tile,10,5
45,1,YY,1,0:45:00,NA,0,Not an algae tile,10,5
46,1,YB,0,0:23:55,4.084,3.532,,12,5
46,1,YB,1,0:45:00,4.152,3.515,,12,5
46,1,PP,0,0:02:38,NA,0,Not an algae tile,12,5
46,1,PP,0,0:06:20,NA,0,Not an algae tile,12,5
46,1,PP,0,0:08:31,NA,0,Not an algae tile,12,5
46,1,PP,0,0:10:55,NA,0,Not an algae tile,12,5
46,1,PP,1,0:45:00,4.026,2.767,,12,5
46,1,YG,0,0:15:42,NA,0,Not an algae tile,12,5
46,1,YG,0,0:20:35,NA,0,Not an algae tile,12,5
46,1,YG,1,0:45:00,4.026,2.767,same as PP-45:00,12,5
46,1,RR,0,0:04:05,NA,0,Not an algae tile,12,5
46,1,RR,0,0:12:34,NA,0,Not an algae tile,12,5
46,1,RR,1,0:45:00,3.927,3.218,,12,5
46,1,RG,0,0:17:25,3.865,3.034,,12,5
46,1,RG,0,0:24:05,3.969,3.681,,12,5
46,1,RG,0,0:26:38,3.95,3.906,,12,5
46,1,RG,0,0:40:54,3.752,2.569,,12,5
46,1,RG,0,0:41:52,3.86,3.374,,12,5
46,1,RG,1,0:45:00,3.931,2.596,,12,5
46,1,GG,1,0:45:00,NA,0,Not an algae tile,12,5
46,1,RP,0,0:15:10,NA,0,Not an algae tile,12,5
46,1,RP,0,0:23:57,NA,0,Not an algae tile,12,5
46,1,RP,0,0:40:30,3.885,3.385,,12,5
46,1,RP,0,0:42:35,NA,0,Not an algae tile,12,5
46,1,RP,1,0:45:00,NA,0,Not an algae tile,12,5
46,1,RB,0,0:10:58,NA,0,Not an algae tile,12,5
46,1,RB,0,0:13:00,NA,0,Not an algae tile,12,5
46,1,RB,0,0:26:28,3.856,3.341,,12,5
46,1,RB,0,0:27:00,3.934,3.651,,12,5
46,1,RB,1,0:45:00,3.926,3.471,,12,5
46,1,RY,0,0:03:30,NA,0,Not an algae tile,12,5
46,1,RY,0,0:05:05,NA,0,Not an algae tile,12,5
46,1,RY,0,0:05:46,NA,0,Not an algae tile,12,5
46,1,RY,0,0:07:04,NA,0,Floating,12,5
46,1,RY,0,0:08:25,NA,0,Floating,12,5
46,1,RY,0,0:15:37,NA,0,Floating,12,5
46,1,RY,0,0:26:41,NA,0,Floating,12,5
46,1,RY,0,0:27:01,NA,0,Floating,12,5
46,1,RY,0,0:30:54,NA,0,Not an algae tile,12,5
46,1,RY,1,0:45:00,3.904,2.884,,12,5
46,1,BB,1,0:45:00,NA,0,Not an algae tile,12,5
46,1,YY,1,0:45:00,NA,0,Not an algae tile,12,5
46,1,YP,1,0:45:00,NA,0,Not an algae tile,12,5
47,1,RG,0,0:07:20,4.274,3.616,,14,5
47,1,RG,0,0:21:13,3.933,3.806,,14,5
47,1,RG,1,0:45:00,4.144,2.56,,14,5
47,1,RY,0,0:09:27,4.249,3.578,,14,5
47,1,RY,0,0:13:15,4.011,3.898,,14,5
47,1,RY,0,0:25:25,4.161,2.888,,14,5
47,1,RY,0,0:26:51,NA,0,Not an algae tile,14,5
47,1,RY,0,0:33:29,4.004,2.551,,14,5
47,1,RY,0,0:39:23,4.009,3.831,,14,5
47,1,RY,1,0:45:00,4.144,2.56,same as RG-45:00,14,5
47,1,GY,0,0:40:16,NA,0,Not an algae tile,14,5
47,1,GY,0,0:41:46,NA,0,Not an algae tile,14,5
47,1,GY,1,0:45:00,NA,0,Not an algae tile,14,5
47,1,RP,0,0:06:47,4.077,3.576,,14,5
47,1,RP,0,0:17:04,4.255,3.778,,14,5
47,1,RP,0,0:19:03,4.061,3.488,,14,5
47,1,RP,0,0:20:47,4.037,3.874,,14,5
47,1,RP,0,0:21:58,NA,0,Not an algae tile,14,5
47,1,RP,0,0:31:15,NA,0,Not an algae tile,14,5
47,1,RP,0,0:39:36,NA,0,Not an algae tile,14,5
47,1,RP,0,0:44:57,NA,0,Not an algae tile,14,5
47,1,RP,1,0:45:00,NA,0,Not an algae tile,14,5
47,1,RR,0,0:00:12,4.23,4.194,,14,5
47,1,RR,0,0:03:02,4.103,3.952,,14,5
47,1,RR,0,0:05:56,3.925,3.856,,14,5
47,1,RR,0,0:07:45,NA,0,Not an algae tile,14,5
47,1,RR,0,0:10:47,3.89,3.251,,14,5
47,1,RR,0,0:14:52,4.04,3.796,,14,5
47,1,RR,0,0:22:25,4.112,3.693,,14,5
47,1,RR,0,0:27:17,4.131,3.778,,14,5
47,1,RR,1,0:45:00,4.084,3.438,,14,5
47,1,PP,0,0:05:55,NA,0,Not an algae tile,14,5
47,1,PP,0,0:19:06,NA,0,Not an algae tile,14,5
47,1,PP,0,0:32:35,NA,0,Not an algae tile,14,5
47,1,PP,0,0:35:27,NA,0,Not an algae tile,14,5
47,1,PP,0,0:38:22,NA,0,Not an algae tile,14,5
47,1,PP,0,0:42:44,NA,0,Not an algae tile,14,5
47,1,PP,0,0:44:19,3.933,3.906,,14,5
47,1,PP,1,0:45:00,4.049,3.894,,14,5
47,1,GG,0,0:01:25,NA,0,Not an algae tile,14,5
47,1,GG,0,0:20:23,NA,0,Not an algae tile,14,5
47,1,GG,0,0:22:46,NA,0,Not an algae tile,14,5
47,1,GG,1,0:45:00,3.851,2.421,,14,5
47,1,GP,0,0:26:01,NA,0,Not an algae tile,14,5
47,1,GP,0,0:30:31,NA,0,Not an algae tile,14,5
47,1,GP,0,0:31:38,NA,0,Not an algae tile,14,5
47,1,GP,1,0:45:00,3.851,2.421,same as GG-45:00,14,5
47,1,YY,0,0:10:53,3.833,3.196,,14,5
47,1,YY,0,0:18:40,NA,0,Not an algae tile,14,5
47,1,YY,1,0:45:00,3.851,2.421,same as GG-45:00,14,5
47,1,RB,0,0:13:32,3.956,3.561,,14,5
47,1,RB,0,0:19:12,NA,0,Not an algae tile,14,5
47,1,RB,0,0:31:14,3.832,2.757,,14,5
47,1,RB,0,0:32:24,NA,0,Not an algae tile,14,5
47,1,RB,1,0:45:00,3.851,2.421,same as GG-45:00,14,5
47,1,YP,0,0:00:17,3.653,3.113,,14,5
47,1,YP,0,0:10:30,4.017,3.737,,14,5
47,1,YP,1,0:45:00,4.051,3.738,,14,5
47,1,BB,0,0:07:52,3.918,3.532,,14,5
47,1,BB,1,0:45:00,3.851,2.421,same as GG-45:00,14,5
48,1,RY,1,0:45:00,4.071,3.388,,16,5
48,1,YY,1,0:45:00,4.182,2.179,,16,5
48,1,CC,1,0:45:00,3.942,3.596,,16,5
48,1,YP,0,0:01:34,NA,0,Not an algae tile,16,5
48,1,YP,0,0:05:23,NA,0,Not an algae tile,16,5
48,1,YP,0,0:44:53,NA,0,Not an algae tile,16,5
48,1,YP,1,0:45:00,NA,0,Not an algae tile,16,5
48,1,YW,0,0:35:34,NA,0,Not an algae tile,16,5
48,1,YW,1,0:45:00,NA,0,Not an algae tile,16,5
48,1,RP,0,0:13:30,4.196,3.341,,16,5
48,1,RP,0,0:15:39,4.296,4.203,,16,5
48,1,RP,0,0:23:30,4.191,3.149,,16,5
48,1,RP,0,0:26:52,NA,0,Not an algae tile,16,5
48,1,RP,0,0:43:52,4.33,2.69,,16,5
48,1,RP,1,0:45:00,4.402,4.281,,16,5
48,1,GP,0,0:01:56,NA,0,Not an algae tile,16,5
48,1,GP,0,0:04:04,4.156,3.95,,16,5
48,1,GP,1,0:45:00,4.174,2.456,,16,5
48,1,RR,0,0:05:11,3.873,3.242,,16,5
48,1,RR,0,0:07:08,4.229,4.053,,16,5
48,1,RR,1,0:45:00,4.174,2.456,same as GP-45:00,16,5
48,1,PP,1,0:45:00,4.072,2.809,,16,5
48,1,YG,0,0:05:03,4.193,3.569,,16,5
48,1,YG,0,0:18:53,4.154,3.884,,16,5
48,1,YG,0,0:22:05,NA,0,Not an algae tile,16,5
48,1,YG,0,0:42:06,4.168,3.821,,16,5
48,1,YG,1,0:45:00,4.072,2.809,same as PP-45:00,16,5
48,1,BB,0,0:11:31,3.946,3.844,,16,5
48,1,BB,1,0:45:00,4.072,2.809,same as PP-45:00,16,5
48,1,RB,0,0:01:18,NA,0,Floating,16,5
48,1,RB,0,0:07:30,NA,0,Floating,16,5
48,1,RB,0,0:11:53,NA,0,Floating,16,5
48,1,RB,0,0:12:30,NA,0,Floating,16,5
48,1,RB,0,0:17:15,NA,0,Floating,16,5
48,1,RB,0,0:17:58,NA,0,Not an algae tile,16,5
48,1,RB,0,0:27:22,NA,0,Not an algae tile,16,5
48,1,RB,0,0:35:32,NA,0,Not an algae tile,16,5
48,1,RB,0,0:41:10,NA,0,Not an algae tile,16,5
48,1,RB,1,0:45:00,4.227,4.14,,16,5
48,1,BG,0,0:03:58,4.106,3.929,,16,5
48,1,BG,1,0:45:00,4.072,2.809,same as PP-45:00,16,5
48,1,BP,0,0:04:40,NA,0,Not an algae tile,16,5
48,1,BP,0,0:15:36,NA,0,Not an algae tile,16,5
48,1,BP,0,0:19:20,NA,0,Not an algae tile,16,5
48,1,BP,0,0:22:11,NA,0,Not an algae tile,16,5
48,1,BP,0,0:25:03,NA,0,Not an algae tile,16,5
48,1,BP,1,0:45:00,4.297,2.605,,16,5
48,1,GG,0,0:13:50,NA,0,Not an algae tile,16,5
48,1,GG,0,0:18:22,NA,0,Not an algae tile,16,5
48,1,GG,0,0:21:27,NA,0,Not an algae tile,16,5
48,1,GG,0,0:23:48,NA,0,Not an algae tile,16,5
48,1,GG,0,0:27:32,NA,0,on side,16,5
48,1,GG,1,0:45:00,NA,0,on side,16,5
48,1,RG,0,0:09:58,NA,0,Not an algae tile,16,5
48,1,RG,0,0:12:46,NA,0,Not an algae tile,16,5
48,1,RG,0,0:23:02,NA,0,Not an algae tile,16,5
48,1,RG,0,0:27:58,NA,0,Not an algae tile,16,5
48,1,RG,0,0:29:50,NA,0,Not an algae tile,16,5
48,1,RG,0,0:31:25,NA,0,Not an algae tile,16,5
48,1,RG,1,0:45:00,4.297,4.297,same as BP-45:00,16,5
49,1,RR,0,0:11:50,4.055,3.499,,2,6
49,1,RR,0,0:14:21,3.912,3.824,,2,6
49,1,RR,0,0:27:20,4.088,3.344,,2,6
49,1,RR,0,0:29:06,NA,0,Not an algae tile,2,6
49,1,RR,1,0:45:00,4.208,3.056,,2,6
49,1,YY,0,0:11:28,4.024,3.539,,2,6
49,1,YY,0,0:28:28,4.078,3.535,,2,6
49,1,YY,0,0:38:20,4.133,3.46,,2,6
49,1,YY,0,0:39:40,4.012,3.972,,2,6
49,1,YY,0,0:44:08,3.971,3.807,,2,6
49,1,YY,1,0:45:00,4.088,4.003,,2,6
50,1,GG,0,0:07:40,NA,0,Not an algae tile,4,6
50,1,GG,0,0:11:11,NA,0,Not an algae tile,4,6
50,1,GG,0,0:14:02,NA,0,Not an algae tile,4,6
50,1,GG,0,0:14:45,NA,0,Not an algae tile,4,6
50,1,GG,0,0:15:42,NA,0,Not an algae tile,4,6
50,1,GG,0,0:19:50,NA,0,Not an algae tile,4,6
50,1,GG,0,0:43:43,4,3.567,,4,6
50,1,GG,0,0:44:45,3.874,3.588,,4,6
50,1,GG,1,0:45:00,3.9,3.548,,4,6
50,1,YY,0,0:11:45,4.052,3.649,,4,6
50,1,YY,0,0:13:32,3.967,3.891,,4,6
50,1,YY,1,0:45:00,3.926,3.58,,4,6
50,1,PP,0,0:26:06,4.232,4.061,,4,6
50,1,PP,1,0:45:00,3.9,3.548,same as GG-45:00,4,6
50,1,RR,0,0:27:09,3.696,3.309,,4,6
50,1,RR,0,0:30:15,NA,0,Not an algae tile,4,6
50,1,RR,1,0:45:00,3.818,3.209,,4,6
51,1,BB,0,0:03:25,NA,0,Not an algae tile,6,6
51,1,BB,0,0:09:43,NA,0,Not an algae tile,6,6
51,1,BB,0,0:14:20,NA,0,Not an algae tile,6,6
51,1,BB,0,0:18:40,NA,0,Not an algae tile,6,6
51,1,BB,0,0:21:50,NA,0,Not an algae tile,6,6
51,1,BB,0,0:25:33,NA,0,Not an algae tile,6,6
51,1,BB,0,0:29:36,NA,0,Not an algae tile,6,6
51,1,BB,0,0:30:57,NA,0,Not an algae tile,6,6
51,1,BB,0,0:31:35,4.156,3.705,,6,6
51,1,BB,0,0:31:55,3.98,3.491,,6,6
51,1,BB,0,0:32:46,NA,0,Not an algae tile,6,6
51,1,BB,1,0:45:00,4.085,3.319,,6,6
51,1,PP,0,0:03:39,NA,0,Not an algae tile,6,6
51,1,PP,0,0:06:55,4.066,3.588,,6,6
51,1,PP,0,0:23:24,4.079,3.598,,6,6
51,1,PP,0,0:27:02,4,3.196,,6,6
51,1,PP,1,0:45:00,4.081,3.369,,6,6
51,1,RR,0,0:04:32,NA,0,Not an algae tile,6,6
51,1,RR,0,0:12:41,NA,0,Not an algae tile,6,6
51,1,RR,0,0:14:01,NA,0,Not an algae tile,6,6
51,1,RR,0,0:22:24,NA,0,Not an algae tile,6,6
51,1,RR,0,0:23:58,NA,0,Not an algae tile,6,6
51,1,RR,0,0:27:11,NA,0,Not an algae tile,6,6
51,1,RR,0,0:28:18,NA,0,Not an algae tile,6,6
51,1,RR,0,0:31:02,NA,0,Not an algae tile,6,6
51,1,RR,0,0:33:01,NA,0,Not an algae tile,6,6
51,1,RR,0,0:33:45,NA,0,Not an algae tile,6,6
51,1,RR,0,0:35:02,NA,0,Not an algae tile,6,6
51,1,RR,1,0:45:00,3.927,3.119,,6,6
51,1,YY,0,0:16:54,3.985,3.394,,6,6
51,1,YY,0,0:17:13,NA,0,Not an algae tile,6,6
51,1,YY,0,0:18:23,4.131,3.692,,6,6
51,1,YY,0,0:20:33,NA,0,Not an algae tile,6,6
51,1,YY,0,0:29:46,3.898,3.454,,6,6
51,1,YY,0,0:30:53,4.138,3.538,,6,6
51,1,YY,0,0:32:26,3.902,3.402,,6,6
51,1,YY,0,0:34:08,NA,0,Not an algae tile,6,6
51,1,YY,0,0:45:00,3.981,3.191,,6,6
51,1,CC,0,0:28:10,3.994,3.615,,6,6
51,1,CC,1,0:45:00,4.215,4.094,,6,6
51,1,GG,0,0:12:52,4.101,3.644,,6,6
51,1,GG,1,0:45:00,4.085,3.319,same as BB-45:00,6,6
53,1,YG,0,0:01:43,3.688,3.617,,10,6
53,1,YG,0,0:02:33,3.804,3.8,,10,6
53,1,YG,0,0:03:31,4.047,3.965,,10,6
53,1,YG,0,0:04:58,NA,0,on side,10,6
53,1,YG,0,0:07:55,NA,0,on side,10,6
53,1,YG,0,0:09:30,NA,0,on side,10,6
53,1,YG,0,0:13:37,NA,0,on side,10,6
53,1,YG,0,0:14:33,NA,0,on side,10,6
53,1,YG,0,0:33:50,3.808,2.863,,10,6
53,1,YG,0,0:34:32,3.723,3.615,,10,6
53,1,YG,0,0:35:07,4.006,3.943,,10,6
53,1,YG,0,0:36:15,3.903,3.903,no herbivory,10,6
53,1,YG,0,0:39:25,4.128,3.214,,10,6
53,1,YG,0,0:42:41,NA,0,on side ,10,6
53,1,YG,0,0:43:40,NA,0,on side ,10,6
53,1,YG,0,0:44:40,NA,0,on side ,10,6
53,1,YG,1,0:45:00,NA,0,on side ,10,6
53,1,RR,0,0:05:55,NA,0,on side ,10,6
53,1,RR,0,0:10:30,NA,0,on side ,10,6
53,1,RR,0,0:14:34,NA,0,on side ,10,6
53,1,RR,0,0:18:21,NA,0,on side ,10,6
53,1,RR,0,0:30:45,NA,0,on side ,10,6
53,1,RR,0,0:36:35,NA,0,not an algae tile,10,6
53,1,RR,1,0:45:00,4.17,3.783,,10,6
53,1,RP,0,0:31:57,NA,0,on side,10,6
53,1,RP,0,0:36:29,NA,0,on side,10,6
53,1,RP,0,0:44:50,NA,0,on side,10,6
53,1,RP,1,0:45:00,NA,0,on side,10,6
53,1,YY,0,0:11:08,NA,0,not an algae tile,10,6
53,1,YY,0,0:16:56,NA,0,not an algae tile,10,6
53,1,YY,0,0:26:34,NA,0,not an algae tile,10,6
53,1,YY,0,0:30:17,NA,0,not an algae tile,10,6
53,1,YY,0,0:34:18,NA,0,not an algae tile,10,6
53,1,YY,0,0:41:01,NA,0,not an algae tile,10,6
53,1,YY,0,0:43:39,NA,0,not an algae tile,10,6
53,1,YY,1,0:45:00,3.937,2.298,,10,6
53,1,BB,0,0:01:31,4.082,3.77,,10,6
53,1,BB,0,0:11:35,3.969,3.722,,10,6
53,1,BB,0,0:19:06,3.984,3.643,,10,6
53,1,BB,0,0:21:08,NA,0,not an algae tile,10,6
53,1,BB,0,0:21:42,3.911,3.471,,10,6
53,1,BB,1,0:45:00,4.019,3.356,,10,6
53,1,RG,1,0:45:00,3.937,2.298,same as YY-45:00,10,6
53,1,YR,1,0:45:00,3.937,2.298,same as YY-45:00,10,6
53,1,RB,0,0:01:03,NA,0,not an algae tile,10,6
53,1,RB,0,0:04:02,NA,0,not an algae tile,10,6
53,1,RB,0,0:07:23,NA,0,not an algae tile,10,6
53,1,RB,1,0:45:00,3.937,2.298,same as YY-45:00,10,6
53,1,GG,0,0:01:43,NA,0,not an algae tile,10,6
53,1,GG,0,0:04:35,NA,0,not an algae tile,10,6
53,1,GG,0,0:06:49,NA,0,not an algae tile,10,6
53,1,GG,0,0:07:17,NA,0,not an algae tile,10,6
53,1,GG,0,0:08:40,NA,0,not an algae tile,10,6
53,1,GG,0,0:09:01,NA,0,not an algae tile,10,6
53,1,GG,0,0:09:58,NA,0,not an algae tile,10,6
53,1,GG,1,0:45:00,4.036,3.182,,10,6
53,1,PP,0,0:09:58,NA,0,not an algae tile,10,6
53,1,PP,0,0:10:36,NA,0,not an algae tile,10,6
53,1,PP,0,0:14:30,NA,0,not an algae tile,10,6
53,1,PP,1,0:45:00,NA,0,not an algae tile,10,6
54,1,YR,1,0:45:00,4.117,1.852,,12,6
54,1,YG,0,0:02:38,NA,0,not an algae tile,12,6
54,1,YG,0,0:04:47,NA,0,not an algae tile,12,6
54,1,YG,0,0:06:00,NA,0,not an algae tile,12,6
54,1,YG,0,0:24:23,3.889,1.533,,12,6
54,1,YG,0,0:33:21,3.957,2.901,,12,6
54,1,YG,0,0:44:36,4.047,0.833,,12,6
54,1,YG,1,0:45:00,4.121,3.078,,12,6
54,1,YY,0,0:01:34,NA,0,not an algae tile,12,6
54,1,YY,0,0:06:27,NA,0,not an algae tile,12,6
54,1,YY,0,0:08:15,NA,0,not an algae tile,12,6
54,1,YY,0,0:12:45,NA,0,not an algae tile,12,6
54,1,YY,0,0:15:38,NA,0,not an algae tile,12,6
54,1,YY,0,0:16:15,NA,0,not an algae tile,12,6
54,1,YY,0,0:18:15,NA,0,not an algae tile,12,6
54,1,YY,0,0:19:53,NA,0,not an algae tile,12,6
54,1,YY,0,0:24:06,NA,0,not an algae tile,12,6
54,1,YY,0,0:24:15,NA,0,not an algae tile,12,6
54,1,YY,0,0:26:17,NA,0,not an algae tile,12,6
54,1,YY,0,0:26:50,NA,0,not an algae tile,12,6
54,1,YY,0,0:31:22,3.963,3.126,,12,6
54,1,YY,0,0:33:20,NA,0,not an algae tile,12,6
54,1,YY,0,0:33:52,3.981,3.345,,12,6
54,1,YY,0,0:38:31,4.04,0.689,,12,6
54,1,YY,1,0:45:00,4.083,3.054,,12,6
54,1,RP,0,0:02:35,NA,0,not an algae tile,12,6
54,1,RP,0,0:04:21,NA,0,not an algae tile,12,6
54,1,RP,0,0:05:50,NA,0,not an algae tile,12,6
54,1,RP,0,0:07:36,NA,0,not an algae tile,12,6
54,1,RP,0,0:08:39,NA,0,not an algae tile,12,6
54,1,RP,0,0:10:09,NA,0,not an algae tile,12,6
54,1,RP,0,0:11:24,NA,0,not an algae tile,12,6
54,1,RP,0,0:15:18,NA,0,not an algae tile,12,6
54,1,RP,0,0:17:39,NA,0,not an algae tile,12,6
54,1,RP,1,0:45:00,4.117,1.852,same as YR-45:00,12,6
54,1,YP,0,0:01:32,NA,0,not an algae tile,12,6
54,1,YP,0,0:02:58,NA,0,not an algae tile,12,6
54,1,YP,0,0:05:04,NA,0,not an algae tile,12,6
54,1,YP,0,0:06:16,NA,0,not an algae tile,12,6
54,1,YP,0,0:16:18,NA,0,not an algae tile,12,6
54,1,YP,0,0:18:24,NA,0,Floating,12,6
54,1,YP,0,0:27:18,NA,0,Floating,12,6
54,1,YP,0,0:29:17,NA,0,Floating,12,6
54,1,YP,0,0:36:44,4.139,4.031,,12,6
54,1,YP,0,0:38:01,4.105,4.041,,12,6
54,1,YP,1,0:45:00,4.097,3.229,,12,6
54,1,BB,0,0:17:12,3.876,1.612,,12,6
54,1,BB,0,0:18:27,4.023,3.461,,12,6
54,1,BB,0,0:39:15,4.035,0.614,,12,6
54,1,BB,1,0:45:00,4.045,3.274,,12,6
54,1,YB,0,0:03:08,3.999,3.03,,12,6
54,1,YB,0,0:24:27,4.046,3.163,,12,6
54,1,YB,0,0:44:47,4.037,2.884,,12,6
54,1,YB,1,0:45:00,NA,0,not an algae tile,12,6
54,1,PP,0,0:26:04,4.129,3.104,,12,6
54,1,PP,0,0:28:05,3.959,2.929,,12,6
54,1,PP,0,0:30:20,NA,0,not an algae tile,12,6
54,1,PP,1,0:45:00,3.969,2.904,,12,6
54,1,RR,0,0:07:54,3.985,3.689,,12,6
54,1,RR,0,0:24:13,3.927,0.994,,12,6
54,1,RR,0,0:42:14,4.006,2.994,,12,6
54,1,RR,1,0:45:00,4.05,3.097,,12,6
54,1,RB,1,0:45:00,3.992,3.075,,12,6
54,1,YR,0,0:32:58,3.997,1.382,,12,6
54,1,YR,0,0:33:38,NA,0,not an algae tile,12,6
54,1,YR,1,0:45:00,4.092,0.637,,12,6
54,1,GG,0,0:25:35,3.971,1.074,,12,6
54,1,GG,0,0:30:38,4.009,3.007,,12,6
54,1,GG,0,0:38:45,3.999,0.619,,12,6
54,1,GG,0,0:44:46,4.007,3.167,,12,6
54,1,GG,1,0:45:00,3.971,3.169,,12,6
55,1,YG,1,0:45:00,4.131,2.762,,14,6
55,1,RB,0,0:12:38,3.977,3.774,,14,6
55,1,RB,1,0:45:00,4.084,3.027,,14,6
55,1,RG,0,0:06:50,4.171,3.996,,14,6
55,1,RG,0,0:14:11,3.964,3.822,,14,6
55,1,RG,1,0:45:00,4.158,3.805,,14,6
55,1,YP,0,0:07:20,NA,0,not an algae tile,14,6
55,1,YP,0,0:09:57,NA,0,not an algae tile,14,6
55,1,YP,0,0:11:45,NA,0,not an algae tile,14,6
55,1,YP,1,0:45:00,4.092,3.302,,14,6
55,1,YR,0,0:09:22,NA,0,not an algae tile,14,6
55,1,YR,0,0:13:25,NA,0,not an algae tile,14,6
55,1,YR,0,0:16:50,4.191,3.655,,14,6
55,1,YR,1,0:45:00,4.141,3.085,,14,6
55,1,BB,0,0:08:16,3.99,3.657,,14,6
55,1,BB,1,0:45:00,4.141,3.085,same as YR-45:00,14,6
55,1,GB,0,0:03:32,NA,0,not an algae tile,14,6
55,1,GB,0,0:21:31,4.186,3.675,,14,6
55,1,GB,1,0:45:00,3.907,3.477,,14,6
55,1,PP,0,0:00:35,NA,0,Floating,14,6
55,1,PP,0,0:03:27,NA,0,Floating,14,6
55,1,PP,0,0:04:03,NA,0,Floating,14,6
55,1,PP,0,0:07:50,NA,0,not an algae tile,14,6
55,1,PP,0,0:08:13,NA,0,not an algae tile,14,6
55,1,PP,0,0:15:58,NA,0,not an algae tile,14,6
55,1,PP,0,0:20:03,NA,0,not an algae tile,14,6
55,1,PP,0,0:28:50,NA,0,not an algae tile,14,6
55,1,PP,0,0:31:55,NA,0,not an algae tile,14,6
55,1,PP,0,0:36:53,NA,0,not an algae tile,14,6
55,1,PP,0,0:41:35,NA,0,not an algae tile,14,6
55,1,PP,1,0:45:00,3.975,3.776,,14,6
55,1,RR,0,0:02:40,NA,0,not an algae tile,14,6
55,1,RR,0,0:04:45,NA,0,not an algae tile,14,6
55,1,RR,0,0:08:19,NA,0,not an algae tile,14,6
55,1,RR,0,0:16:25,NA,0,not an algae tile,14,6
55,1,RR,0,0:16:40,NA,0,not an algae tile,14,6
55,1,RR,0,0:19:50,NA,0,not an algae tile,14,6
55,1,RR,0,0:20:00,NA,0,not an algae tile,14,6
55,1,RR,0,0:25:05,NA,0,not an algae tile,14,6
55,1,RR,0,0:26:30,NA,0,not an algae tile,14,6
55,1,RR,0,0:38:05,NA,0,not an algae tile,14,6
55,1,RR,1,0:45:00,NA,0,not an algae tile,14,6
55,1,GP,0,0:00:19,NA,0,not an algae tile,14,6
55,1,GP,0,0:00:42,NA,0,not an algae tile,14,6
55,1,GP,0,0:02:40,NA,0,not an algae tile,14,6
55,1,GP,0,0:04:58,NA,0,not an algae tile,14,6
55,1,GP,0,0:19:45,NA,0,not an algae tile,14,6
55,1,GP,0,0:22:42,NA,0,not an algae tile,14,6
55,1,GP,0,0:24:15,NA,0,not an algae tile,14,6
55,1,GP,0,0:25:35,NA,0,not an algae tile,14,6
55,1,GP,0,0:28:22,NA,0,not an algae tile,14,6
55,1,GP,0,0:32:09,NA,0,not an algae tile,14,6
55,1,GP,0,0:38:16,NA,0,not an algae tile,14,6
55,1,GP,0,0:42:20,NA,0,not an algae tile,14,6
55,1,GP,1,0:45:00,NA,0,not an algae tile,14,6
55,1,RP,1,0:45:00,NA,0,not an algae tile,14,6
55,1,YB,0,0:03:20,NA,0,not an algae tile,14,6
55,1,YB,0,0:12:20,NA,0,not an algae tile,14,6
55,1,YB,0,0:14:53,NA,0,not an algae tile,14,6
55,1,YB,0,0:16:42,NA,0,not an algae tile,14,6
55,1,YB,0,0:18:03,NA,0,not an algae tile,14,6
55,1,YB,0,0:20:50,NA,0,not an algae tile,14,6
55,1,YB,0,0:21:45,NA,0,not an algae tile,14,6
55,1,YB,0,0:22:37,NA,0,not an algae tile,14,6
55,1,YB,0,0:23:54,NA,0,not an algae tile,14,6
55,1,YB,0,0:28:40,NA,0,not an algae tile,14,6
55,1,YB,0,0:31:43,NA,0,not an algae tile,14,6
55,1,YB,0,0:33:08,NA,0,not an algae tile,14,6
55,1,YB,0,0:35:27,NA,0,not an algae tile,14,6
55,1,YB,1,0:45:00,3.988,3.829,,14,6
56,1,RR(a),1,0:45:00,4.079,2.546,,16,6
56,1,BB(z),0,0:22:43,4.044,3.621,,16,6
56,1,BB(z),0,0:24:30,4.072,4.027,,16,6
56,1,BB(z),0,0:28:58,3.958,3.469,,16,6
56,1,BB(z),0,0:30:18,3.966,3.857,,16,6
56,1,BB(z),1,0:45:00,3.878,3.478,,16,6
56,1,BP(x),0,0:07:15,NA,0,not an algae tile,16,6
56,1,BP(x),0,0:14:40,NA,0,not an algae tile,16,6
56,1,BP(x),0,0:19:37,NA,0,on side,16,6
56,1,BP(x),0,0:23:27,NA,0,on side,16,6
56,1,BP(x),0,0:28:34,NA,0,on side,16,6
56,1,BP(x),0,0:32:03,NA,0,not an algae tile,16,6
56,1,BP(x),1,0:45:00,4.079,2.546,same as RR-45:00,16,6
56,1,RP(d),0,0:00:36,4.158,3.937,,16,6
56,1,RP(d),0,0:22:03,4.287,3.552,,16,6
56,1,RP(d),0,0:42:11,4.203,3.882,,16,6
56,1,RP(d),1,0:45:00,4.245,3.475,,16,6
56,1,YY(e),1,0:45:00,3.944,3.113,,16,6
56,1,f,0,0:05:27,NA,0,not an algae tile,16,6
56,1,f,0,0:10:14,NA,0,not an algae tile,16,6
56,1,f,0,0:12:25,{,0,not an algae tile,16,6
56,1,f,0,0:15:50,NA,0,not an algae tile,16,6
56,1,f,1,0:45:00,3.899,2.514,,16,6
56,1,h,0,0:02:58,NA,0,not an algae tile,16,6
56,1,h,0,0:07:18,NA,0,not an algae tile,16,6
56,1,h,0,0:11:20,NA,0,not an algae tile,16,6
56,1,h,1,0:45:00,4.079,2.235,,16,6
56,1,I,1,0:45:00,3.899,2.514,same as f-45:00,16,6
56,1,J,0,0:02:35,4.209,3.621,,16,6
56,1,J,0,0:03:34,NA,0,not an algae tile,16,6
56,1,J,0,0:04:01,NA,0,not an algae tile,16,6
56,1,J,0,0:06:05,3.964,3.783,,16,6
56,1,J,0,0:07:35,4.052,4.023,,16,6
56,1,J,0,0:09:10,4.02,3.338,,16,6
56,1,J,0,0:11:04,4.123,3.147,,16,6
56,1,J,0,0:17:35,4.015,3.882,,16,6
56,1,J,0,0:21:49,4.079,4.004,,16,6
56,1,J,0,0:34:12,3.855,2.231,,16,6
56,1,J,0,0:38:02,NA,0,not an algae tile,16,6
56,1,J,0,0:39:40,NA,0,not an algae tile,16,6
56,1,J,0,0:40:08,NA,0,not an algae tile,16,6
56,1,J,0,0:44:15,NA,0,not an algae tile,16,6
56,1,J,1,0:45:00,4.079,2.235,same as h-45:00,16,6
56,1,K,0,0:13:40,4.121,3.439,,16,6
56,1,K,0,0:15:22,3.838,3.511,,16,6
56,1,K,0,0:29:55,4.124,2.43,,16,6
56,1,K,1,0:45:00,3.944,3.446,,16,6
56,1,L,0,0:01:50,NA,0,not an algae tile,16,6
56,1,L,0,0:03:25,NA,0,not an algae tile,16,6
56,1,L,0,0:06:35,NA,0,not an algae tile,16,6
56,1,L,0,0:10:01,NA,0,not an algae tile,16,6
56,1,L,0,0:12:35,NA,0,not an algae tile,16,6
56,1,L,0,0:13:20,NA,0,not an algae tile,16,6
56,1,L,0,0:14:27,NA,0,not an algae tile,16,6
56,1,L,0,0:14:41,NA,0,not an algae tile,16,6
56,1,L,0,0:18:50,NA,0,not an algae tile,16,6
56,1,L,0,0:19:54,NA,0,not an algae tile,16,6
56,1,L,0,0:25:39,NA,0,not an algae tile,16,6
56,1,L,0,0:30:15,NA,0,on side,16,6
56,1,L,0,0:33:15,NA,0,on side,16,6
56,1,L,0,0:39:02,NA,0,on side,16,6
56,1,L,0,0:41:22,NA,0,on side,16,6
56,1,L,0,0:43:18,NA,0,on side,16,6
56,1,L,1,0:45:00,NA,0,on side,16,6
56,1,M,0,0:00:20,NA,0,not an algae tile,16,6
56,1,M,0,0:03:14,NA,0,not an algae tile,16,6
56,1,M,0,0:05:15,NA,0,not an algae tile,16,6
56,1,M,0,0:07:40,NA,0,not an algae tile,16,6
56,1,M,0,0:11:35,NA,0,not an algae tile,16,6
56,1,M,0,0:12:40,NA,0,not an algae tile,16,6
56,1,M,0,0:14:51,NA,0,not an algae tile,16,6
56,1,M,0,0:18:30,NA,0,not an algae tile,16,6
56,1,M,0,0:24:29,NA,0,not an algae tile,16,6
56,1,M,0,0:25:47,NA,0,not an algae tile,16,6
56,1,M,0,0:35:12,NA,0,not an algae tile,16,6
56,1,M,0,0:38:35,NA,0,not an algae tile,16,6
56,1,M,1,0:45:00,3.998,3.124,,16,6
56,1,N,0,0:02:01,NA,0,not an algae tile,16,6
56,1,N,0,0:02:25,NA,0,not an algae tile,16,6
56,1,N,0,0:04:12,NA,0,not an algae tile,16,6
56,1,N,0,0:05:17,NA,0,not an algae tile,16,6
56,1,N,0,0:06:15,NA,0,not an algae tile,16,6
56,1,N,0,0:08:39,NA,0,not an algae tile,16,6
56,1,N,0,0:11:10,NA,0,not an algae tile,16,6
56,1,N,0,0:13:02,NA,0,not an algae tile,16,6
56,1,N,0,0:16:02,NA,0,not an algae tile,16,6
56,1,N,0,0:17:13,NA,0,not an algae tile,16,6
56,1,N,0,0:17:45,NA,0,not an algae tile,16,6
56,1,N,0,0:20:53,NA,0,not an algae tile,16,6
56,1,N,1,0:45:00,3.998,3.124,same as M-45:00,16,6
56,1,O,0,0:00:55,NA,0,not an algae tile,16,6
56,1,O,0,0:29:31,NA,0,not an algae tile,16,6
56,1,O,0,0:31:14,NA,0,not an algae tile,16,6
56,1,O,0,0:32:42,NA,0,not an algae tile,16,6
56,1,O,0,0:35:52,NA,0,not an algae tile,16,6
56,1,O,0,0:36:31,NA,0,not an algae tile,16,6
56,1,O,0,0:37:17,NA,0,not an algae tile,16,6
56,1,O,0,0:38:52,NA,0,not an algae tile,16,6
56,1,O,0,0:43:33,NA,0,not an algae tile,16,6
56,1,O,1,0:45:00,NA,0,not an algae tile,16,6
56,1,Q,0,0:01:28,NA,0,not an algae tile,16,6
56,1,Q,0,0:02:47,NA,0,not an algae tile,16,6
56,1,Q,0,0:04:38,NA,0,not an algae tile,16,6
56,1,Q,0,0:06:27,NA,0,not an algae tile,16,6
56,1,Q,0,0:09:50,NA,0,not an algae tile,16,6
56,1,Q,0,0:13:20,NA,0,not an algae tile,16,6
56,1,Q,0,0:15:02,NA,0,not an algae tile,16,6
56,1,Q,0,0:18:20,NA,0,not an algae tile,16,6
56,1,Q,0,0:22:09,NA,0,not an algae tile,16,6
56,1,Q,0,0:30:34,NA,0,not an algae tile,16,6
56,1,Q,0,0:36:40,NA,0,not an algae tile,16,6
56,1,Q,0,0:37:36,NA,0,not an algae tile,16,6
56,1,Q,0,0:38:09,NA,0,not an algae tile,16,6
56,1,Q,0,0:40:37,NA,0,not an algae tile,16,6
56,1,Q,0,0:43:01,NA,0,not an algae tile,16,6
56,1,Q,0,0:44:00,NA,0,not an algae tile,16,6
56,1,Q,0,0:44:48,NA,0,not an algae tile,16,6
56,1,Q,1,0:45:00,NA,0,not an algae tile,16,6
56,1,V,0,0:02:13,NA,0,not an algae tile,16,6
56,1,V,0,0:05:30,NA,0,not an algae tile,16,6
56,1,V,0,0:19:30,NA,0,not an algae tile,16,6
56,1,V,0,0:23:55,NA,0,not an algae tile,16,6
56,1,V,0,0:26:10,NA,0,not an algae tile,16,6
56,1,V,0,0:28:03,NA,0,not an algae tile,16,6
56,1,V,0,0:44:40,NA,0,not an algae tile,16,6
56,1,V,1,0:45:00,NA,0,not an algae tile,16,6